时间戳,雷达开关机状态,雷达扫描方式,俯仰扫描范围,方位扫描范围,跟踪目标数量,目标批号,雷达对该目标状态,目标距离,目标方位角,目标俯仰角,目标径向速度,目标速度X轴,目标速度Y轴,目标速度Z轴,目标RCS
10.000000,1,1,30,60,5,1,2,255911.027893,-0.646399,-0.020560,-272.725626,5.445863,272.810919,-3.349787,1.001209
20.000000,1,1,30,60,5,1,2,250434.973883,-0.327136,-0.019304,-274.201778,5.359986,274.185290,-4.945528,1.000310
30.000000,1,1,30,60,5,1,2,244950.170893,-0.256346,-0.019117,-274.201694,5.243060,274.209898,-5.448839,1.000190
40.000000,1,1,30,60,5,1,2,239468.485715,-0.259833,-0.018782,-274.232066,5.125220,274.207256,-5.723587,1.000195
50.000000,1,1,30,60,5,1,2,233987.526394,-0.245210,-0.018759,-274.268050,5.007276,274.205601,-5.905186,1.000174
60.000000,1,1,30,60,5,1,2,228504.274345,-0.265758,-0.017924,-274.240687,4.889287,274.204876,-6.036259,1.000204
61.116200,1,1,30,60,5,1,2,227893.013954,0.016136,-0.018072,-274.261439,4.876115,274.204837,-6.048691,1.000001
63.116200,1,1,30,60,5,1,2,226794.868684,-0.007382,-0.018065,-274.249139,4.852513,274.204784,-6.070050,1.000000
65.116200,1,1,30,60,5,1,2,225699.635876,-0.004689,-0.017506,-274.241515,4.828910,274.204751,-6.090342,1.000000
67.116200,1,1,30,60,5,1,2,224603.314023,0.005931,-0.017771,-274.232466,4.805306,274.204736,-6.109631,1.000000
69.116200,1,1,30,60,5,1,2,223506.031233,0.004768,-0.017546,-274.245049,4.781701,274.204738,-6.128020,1.000000
71.116200,1,1,30,60,5,1,2,222408.157980,-0.017441,-0.017296,-274.207711,4.758096,274.204756,-6.145568,1.000001
73.116200,1,1,30,60,5,1,2,221314.498149,-0.001948,-0.017338,-273.789441,4.726496,273.742497,-6.151372,1.000000
75.116200,1,1,30,60,5,1,2,220218.718187,-0.000416,-0.017375,-273.229460,4.693890,273.216962,-6.147339,1.000000
77.116200,1,1,30,60,5,1,2,219123.660085,-0.001889,-0.017074,-273.006309,4.666209,272.971305,-6.144847,1.000000
79.116200,1,1,30,60,5,1,2,218030.864839,0.007057,-0.017233,-272.863585,4.640755,272.852297,-6.143371,1.000000
81.116200,1,1,30,60,5,1,2,216937.730303,0.008464,-0.016947,-272.851012,4.616407,272.796055,-6.142363,1.000000
83.116200,1,1,30,60,5,1,2,215841.330795,-0.011944,-0.017151,-272.827725,4.592580,272.769597,-6.141758,1.000000
85.116200,1,1,30,60,5,1,2,214749.113939,0.008727,-0.016770,-272.791167,4.568991,272.757024,-6.141466,1.000000
87.116200,1,1,30,60,5,1,2,213655.301270,0.007308,-0.016645,-272.802172,4.545520,272.751304,-6.141329,1.000000
89.116200,1,1,30,60,5,1,2,212563.816902,-0.009086,-0.016673,-272.783551,4.522102,272.748724,-6.141262,1.000000
91.116200,1,1,30,60,5,1,2,211468.213306,-0.006156,-0.016374,-272.790478,4.498710,272.747697,-6.141230,1.000000
93.116200,1,1,30,60,5,1,2,210375.987079,0.014879,-0.016565,-272.788354,4.475331,272.747413,-6.141215,1.000001
95.116200,1,1,30,60,5,1,2,209281.864171,-0.010434,-0.016499,-272.759993,4.451958,272.747473,-6.141208,1.000000
97.116200,1,1,30,60,5,1,2,208187.677764,0.001894,-0.016593,-272.785514,4.428587,272.747702,-6.141204,1.000000
99.116200,1,1,30,60,5,1,2,207093.922384,-0.006816,-0.016119,-272.778457,4.405218,272.748007,-6.141203,1.000000
101.116200,1,1,30,60,5,1,2,206001.496101,-0.000140,-0.016219,-272.800806,4.381849,272.748348,-6.141202,1.000000
103.116200,1,1,30,60,5,1,2,204907.934788,0.019583,-0.016226,-272.783501,4.358481,272.748706,-6.141202,1.000001
105.116200,1,1,30,60,5,1,2,203813.047717,-0.003099,-0.016184,-272.788642,4.335113,272.749070,-6.141201,1.000000
107.116200,1,1,30,60,5,1,2,202720.662938,-0.014240,-0.015822,-272.764648,4.311744,272.749437,-6.141201,1.000001
109.116200,1,1,30,60,5,1,2,201627.704988,-0.001608,-0.015626,-272.774956,4.288376,272.749803,-6.141201,1.000000
111.116200,1,1,30,60,5,1,2,200533.610989,0.014194,-0.015613,-272.792126,4.265008,272.750168,-6.141201,1.000001
113.116200,1,1,30,60,5,1,2,199439.158297,-0.007814,-0.015397,-272.775724,4.241640,272.750532,-6.141201,1.000000
115.116200,1,1,30,60,5,1,2,198346.027664,0.008683,-0.015667,-272.804564,4.218271,272.750894,-6.141201,1.000000
117.116200,1,1,30,60,5,1,2,197253.603218,-0.019788,-0.015448,-272.792898,4.194903,272.751255,-6.141201,1.000001
119.116200,1,1,30,60,5,1,2,196158.909879,0.006369,-0.015437,-272.790963,4.171535,272.751613,-6.141201,1.000000
121.116200,1,1,30,60,5,1,2,195065.419249,0.011691,-0.015246,-272.775964,4.148166,272.751969,-6.141201,1.000000
123.116200,1,1,30,60,5,1,2,193970.231596,-0.005689,-0.015141,-272.806987,4.124798,272.752323,-6.141201,1.000000
125.116200,1,1,30,60,5,1,2,192878.162544,0.005662,-0.015281,-272.797099,4.101429,272.752675,-6.141201,1.000000
127.116200,1,1,30,60,5,1,2,191784.340065,0.008938,-0.014768,-272.800544,4.078061,272.753026,-6.141201,1.000000
129.116200,1,1,30,60,5,1,2,190690.323157,-0.023023,-0.014888,-272.774208,4.054692,272.753374,-6.141201,1.000002
131.116200,1,1,30,60,5,1,2,189597.687547,0.016743,-0.014835,-272.817947,4.031324,272.753720,-6.141201,1.000001
133.116200,1,1,30,60,5,1,2,188504.329086,-0.008193,-0.014537,-272.771012,4.007955,272.754064,-6.141201,1.000000
135.116200,1,1,30,60,5,1,2,187409.488547,0.001771,-0.014736,-272.791850,3.984587,272.754407,-6.141201,1.000000
137.116200,1,1,30,60,5,1,2,186316.839596,0.007502,-0.014486,-272.788371,3.961218,272.754747,-6.141201,1.000000
139.116200,1,1,30,60,5,1,2,185222.893639,-0.006463,-0.014553,-272.823741,3.937849,272.755085,-6.141201,1.000000
141.116200,1,1,30,60,5,1,2,184129.173850,-0.000751,-0.014345,-272.813522,3.914482,272.755519,-6.141229,1.000000
143.116200,1,1,30,60,5,1,2,183035.723419,-0.008807,-0.014326,-272.811896,3.891095,272.755930,-6.251964,1.000000
145.116200,1,1,30,60,5,1,2,181941.652436,0.010875,-0.014143,-272.815560,3.867630,272.750618,-6.546103,1.000000
147.116200,1,1,30,60,5,1,2,180848.434066,-0.002504,-0.014308,-272.823293,3.844483,272.743174,-6.885781,1.000000
149.116200,1,1,30,60,5,1,2,179754.220698,0.002195,-0.014030,-272.814834,3.821543,272.735526,-7.205521,1.000000
151.116200,1,1,30,60,5,1,2,178661.018603,-0.010977,-0.014213,-272.830156,3.798609,272.728458,-7.485057,1.000000
153.116200,1,1,30,60,5,1,2,177567.312178,0.008942,-0.013988,-272.829383,3.775591,272.722210,-7.723026,1.000000
155.116200,1,1,30,60,5,1,2,176472.928533,-0.004780,-0.013845,-272.805237,3.752509,272.716756,-7.925410,1.000000
157.116200,1,1,30,60,5,1,2,175380.077128,0.002211,-0.013742,-272.825839,3.729361,272.712040,-8.097311,1.000000
159.116200,1,1,30,60,5,1,2,174286.376966,0.003601,-0.013562,-272.816538,3.706167,272.707941,-8.244976,1.000000
161.116200,1,1,30,60,5,1,2,173191.937209,-0.011115,-0.013601,-272.824082,3.682942,272.704349,-8.373311,1.000000
163.116200,1,1,30,60,5,1,2,172097.966144,0.009082,-0.013324,-272.824814,3.659694,272.701207,-8.485162,1.000000
165.116200,1,1,30,60,5,1,2,171005.914531,-0.005127,-0.013561,-272.828480,3.636428,272.698412,-8.584459,1.000000
167.116200,1,1,30,60,5,1,2,169911.577591,0.002499,-0.013256,-272.829525,3.613148,272.695931,-8.672662,1.000000
169.116200,1,1,30,60,5,1,2,168817.746444,0.002026,-0.013170,-272.832524,3.589856,272.693719,-8.751511,1.000000
171.116200,1,1,30,60,5,1,2,167724.466668,0.008044,-0.013153,-272.836887,3.566555,272.691727,-8.822826,1.000000
173.116200,1,1,30,60,5,1,2,166629.622181,-0.008882,-0.013031,-272.828775,3.543247,272.689904,-8.888305,1.000000
175.116200,1,1,30,60,5,1,2,165536.078163,-0.005858,-0.012952,-272.839614,3.519934,272.688233,-8.948625,1.000000
177.116200,1,1,30,60,5,1,2,164443.647106,0.008516,-0.013034,-272.829947,3.496615,272.686691,-9.004559,1.000000
179.116200,1,1,30,60,5,1,2,163348.976941,-0.005821,-0.012835,-272.829476,3.473293,272.685258,-9.056823,1.000000
181.116200,1,1,30,60,5,1,2,162255.656465,0.000686,-0.012468,-272.824752,3.449967,272.683917,-9.105977,1.000000
185.116200,1,1,30,60,5,1,2,160067.854226,0.006764,-0.012464,-272.844552,3.403306,272.681551,-9.193929,1.000000
187.116200,1,1,30,60,5,1,2,158974.842932,-0.008956,-0.012445,-272.818979,3.379971,272.680522,-9.232947,1.000000
189.116200,1,1,30,60,5,1,2,157880.773921,0.005949,-0.012349,-272.855947,3.356633,272.679569,-9.269538,1.000000
191.116200,1,1,30,60,5,1,2,156786.951559,-0.007165,-0.012217,-272.826085,3.333293,272.678670,-9.304319,1.000000
193.116200,1,1,30,60,5,1,2,155693.372596,0.015115,-0.012212,-272.840436,3.309952,272.677837,-9.337004,1.000001
195.116200,1,1,30,60,5,1,2,154599.981799,0.000215,-0.011958,-272.837307,3.286608,272.677069,-9.367605,1.000000
197.116200,1,1,30,60,5,1,2,153505.137574,-0.009216,-0.011932,-272.832200,3.263263,272.676354,-9.396502,1.000000
199.116200,1,1,30,60,5,1,2,152412.067853,-0.005976,-0.012061,-272.829476,3.239917,272.675692,-9.423755,1.000000
201.116200,1,1,30,60,5,1,2,151318.814817,0.012443,-0.011778,-272.843067,3.216569,272.675070,-9.449707,1.000000
203.116200,1,1,30,60,5,1,2,150224.900178,-0.005697,-0.011776,-272.846371,3.193220,272.674492,-9.474249,1.000000
205.116200,1,1,30,60,5,1,2,149130.777544,0.002249,-0.011701,-272.844897,3.169869,272.673952,-9.497581,1.000000
207.116200,1,1,30,60,5,1,2,148036.295109,0.000019,-0.011568,-272.832457,3.146518,272.673443,-9.519918,1.000000
209.116200,1,1,30,60,5,1,2,146943.992141,0.001661,-0.011526,-272.833503,3.123166,272.672959,-9.541427,1.000000
211.116200,1,1,30,60,5,1,2,145849.850181,-0.005753,-0.011490,-272.833172,3.099813,272.672496,-9.562222,1.000000
213.116200,1,1,30,60,5,1,2,144756.396233,-0.004141,-0.011316,-272.827661,3.076460,272.672057,-9.582256,1.000000
215.116200,1,1,30,60,5,1,2,143663.201213,0.008989,-0.011114,-272.835330,3.053106,272.671650,-9.601287,1.000000
217.116200,1,1,30,60,5,1,2,142568.956327,-0.003482,-0.011319,-272.831107,3.029751,272.671265,-9.619567,1.000000
219.116200,1,1,30,60,5,1,2,141475.264381,0.001754,-0.010895,-272.842267,3.006395,272.670899,-9.637233,1.000000
221.116200,1,1,30,60,5,1,2,140381.539928,-0.000008,-0.011001,-272.848331,2.983039,272.670555,-9.654201,1.000000
223.116200,1,1,30,60,5,1,2,139287.803712,0.000093,-0.010822,-272.844953,2.959683,272.670231,-9.670511,1.000000
225.116200,1,1,30,60,5,1,2,138194.246984,0.001840,-0.010881,-272.845401,2.936325,272.669933,-9.686000,1.000000
227.116200,1,1,30,60,5,1,2,137099.655700,0.000907,-0.010669,-272.841768,2.912967,272.669660,-9.700724,1.000000
229.116200,1,1,30,60,5,1,2,136006.168612,-0.002257,-0.010683,-272.832607,2.889608,272.669406,-9.714821,1.000000
231.116200,1,1,30,60,5,1,2,134912.404123,-0.001755,-0.010535,-272.833754,2.866249,272.669166,-9.728432,1.000000
233.116200,1,1,30,60,5,1,2,133819.134218,-0.001758,-0.010470,-272.839484,2.842890,272.668942,-9.741547,1.000000
235.116200,1,1,30,60,5,1,2,132725.214222,0.003010,-0.010349,-272.844620,2.819530,272.668730,-9.754239,1.000000
237.116200,1,1,30,60,5,1,2,131630.867915,0.003629,-0.010251,-272.839491,2.796170,272.668525,-9.766673,1.000000
239.116200,1,1,30,60,5,1,2,130537.092670,-0.002794,-0.010214,-272.840095,2.772809,272.668326,-9.778869,1.000000
241.116200,1,1,30,60,5,1,2,129443.776324,-0.005464,-0.010200,-272.846258,2.749449,272.668124,-9.791075,1.000000
243.116200,1,1,30,60,5,1,2,128350.073067,0.000932,-0.010137,-272.849538,2.726088,272.667922,-9.803214,1.000000
245.116200,1,1,30,60,5,1,2,127256.288474,0.008398,-0.009947,-272.848700,2.702727,272.667735,-9.814849,1.000000
247.116200,1,1,30,60,5,1,2,126162.425554,-0.002975,-0.009841,-272.844666,2.679366,272.667562,-9.826053,1.000000
249.116200,1,1,30,60,5,1,2,125068.921069,-0.004298,-0.009835,-272.843348,2.656004,272.667398,-9.836906,1.000000
251.116200,1,1,30,60,5,1,2,123975.093222,0.001594,-0.009603,-272.841174,2.632642,272.667248,-9.847315,1.000000
253.116200,1,1,30,60,5,1,2,122881.660576,0.002313,-0.009608,-272.845588,2.609280,272.667104,-9.857497,1.000000
255.116200,1,1,30,60,5,1,2,121787.826787,-0.002645,-0.009444,-272.840302,2.585917,272.666957,-9.867700,1.000000
257.116200,1,1,30,60,5,1,2,120693.802159,0.007439,-0.009457,-272.855661,2.562555,272.666813,-9.877749,1.000000
259.116200,1,1,30,60,5,1,2,119600.205026,-0.005573,-0.009446,-272.844191,2.539192,272.666674,-9.887612,1.000000
261.116200,1,1,30,60,5,1,2,118506.454822,0.004725,-0.009324,-272.840005,2.515830,272.666542,-9.897209,1.000000
263.116200,1,1,30,60,5,1,2,117412.846748,-0.007220,-0.009158,-272.846050,2.492466,272.666424,-9.906350,1.000000
265.116200,1,1,30,60,5,1,2,116318.849669,0.001458,-0.009084,-272.846680,2.469103,272.666306,-9.915420,1.000000
267.116200,1,1,30,60,5,1,2,115225.432801,0.000315,-0.009042,-272.847380,2.445739,272.666199,-9.924144,1.000000
269.116200,1,1,30,60,5,1,2,114131.242317,0.001054,-0.008970,-272.840139,2.422375,272.666100,-9.932551,1.000000
271.116200,1,1,30,60,5,1,2,113037.086943,0.003629,-0.008865,-272.852156,2.399011,272.666014,-9.940579,1.000000
273.116200,1,1,30,60,5,1,2,111944.024673,-0.006353,-0.008726,-272.842249,2.375647,272.665942,-9.948130,1.000000
275.116200,1,1,30,60,5,1,2,110850.078916,0.001122,-0.008624,-272.841699,2.352282,272.665879,-9.955408,1.000000
277.116200,1,1,30,60,5,1,2,109756.320608,0.000313,-0.008584,-272.839489,2.328917,272.665819,-9.962519,1.000000
279.116200,1,1,30,60,5,1,2,108662.211104,-0.001167,-0.008450,-272.839295,2.305552,272.665751,-9.969801,1.000000
281.116200,1,1,30,60,5,1,2,107568.732230,0.002568,-0.008487,-272.849338,2.282187,272.665675,-9.977223,1.000000
283.116200,1,1,30,60,5,1,2,106475.231481,-0.002496,-0.008340,-272.844555,2.258822,272.665591,-9.984817,1.000000
285.116200,1,1,30,60,5,1,2,105381.085842,0.001642,-0.008216,-272.846590,2.235457,272.665513,-9.992196,1.000000
287.116200,1,1,30,60,5,1,2,104287.595714,0.003520,-0.008105,-272.853356,2.212092,272.665440,-9.999355,1.000000
289.116200,1,1,30,60,5,1,2,103193.569702,0.000269,-0.008042,-272.846161,2.188727,272.665369,-10.006404,1.000000
291.116200,1,1,30,60,5,1,2,102099.867263,-0.001135,-0.008027,-272.850107,2.165362,272.665297,-10.013449,1.000000
293.116200,1,1,30,60,5,1,2,101006.167397,-0.002827,-0.007962,-272.850451,2.141996,272.665235,-10.020143,1.000000
295.116200,1,1,30,60,5,1,2,99912.324042,0.001147,-0.007866,-272.847644,2.118630,272.665181,-10.026558,1.000000
297.116200,1,1,30,60,5,1,2,98818.573224,-0.002405,-0.007722,-272.852774,2.095264,272.665127,-10.032897,1.000000
299.116200,1,1,30,60,5,1,2,97725.002194,0.004119,-0.007643,-272.851014,2.071898,272.665082,-10.038979,1.000000
301.116200,1,1,30,60,5,1,2,96630.961533,-0.001990,-0.007542,-272.849785,2.048532,272.665042,-10.044828,1.000000
303.116200,1,1,30,60,5,1,2,95537.485875,0.001560,-0.007518,-272.846920,2.025166,272.665000,-10.050678,1.000000
305.116200,1,1,30,60,5,1,2,94443.477398,0.003465,-0.007373,-272.848405,2.001799,272.664955,-10.056558,1.000000
307.116200,1,1,30,60,5,1,2,93349.878870,-0.003421,-0.007339,-272.850759,1.978433,272.664915,-10.062272,1.000000
309.116200,1,1,30,60,5,1,2,92256.117101,-0.000194,-0.007236,-272.849911,1.955066,272.664876,-10.067863,1.000000
311.116200,1,1,30,60,5,1,2,91162.350845,0.001303,-0.007116,-272.849508,1.931700,272.664841,-10.073315,1.000000
313.116200,1,1,30,60,5,1,2,90068.634560,-0.001805,-0.007091,-272.851788,1.908332,272.664835,-10.077895,1.000000
315.116200,1,1,30,60,5,1,2,88974.802680,0.002582,-0.006969,-272.848659,1.884965,272.664797,-10.083320,1.000000
317.116200,1,1,30,60,5,1,2,87881.307707,-0.000898,-0.006856,-272.853385,1.861599,272.664759,-10.088654,1.000000
319.116200,1,1,30,60,5,1,2,86787.497724,-0.002148,-0.006805,-272.848011,1.838232,272.664725,-10.093832,1.000000
321.116200,1,1,30,60,5,1,2,85693.385694,-0.001269,-0.006713,-272.847573,1.814861,272.664845,-10.094801,1.000000
323.116200,1,1,30,60,5,1,2,84599.663240,0.004511,-0.006628,-272.848690,1.791490,272.664988,-10.095093,1.000000
325.116200,1,1,30,60,5,1,2,83506.033541,-0.000689,-0.006507,-272.850179,1.768121,272.665040,-10.097796,1.000000
327.116200,1,1,30,60,5,1,2,82412.152127,-0.000867,-0.006417,-272.849810,1.744751,272.665103,-10.100158,1.000000
329.116200,1,1,30,60,5,1,2,81318.159938,0.000952,-0.006367,-272.850865,1.721383,272.665112,-10.103883,1.000000
331.116200,1,1,30,60,5,1,2,80224.686949,-0.001888,-0.006291,-272.851981,1.698015,272.665106,-10.108005,1.000000
333.116200,1,1,30,60,5,1,2,79130.731288,0.000468,-0.006191,-272.851232,1.674646,272.665139,-10.110981,1.000000
335.116200,1,1,30,60,5,1,2,78037.080374,-0.003985,-0.006067,-272.851249,1.651277,272.665174,-10.113860,1.000000
337.116200,1,1,30,60,5,1,2,76943.487403,0.001805,-0.006040,-272.857395,1.627909,272.665186,-10.117308,1.000000
339.116200,1,1,30,60,5,1,2,75849.581489,0.003639,-0.005931,-272.852921,1.604539,272.665245,-10.119441,1.000000
341.116200,1,1,30,60,5,1,2,74755.781781,0.000136,-0.005849,-272.850376,1.581170,272.665274,-10.122311,1.000000
343.116200,1,1,30,60,5,1,2,73662.207715,-0.001339,-0.005770,-272.852955,1.557798,272.665408,-10.122311,1.000000
345.116200,1,1,30,60,5,1,2,72568.381007,0.001804,-0.005692,-272.851558,1.534429,272.665461,-10.124428,1.000000
347.116200,1,1,30,60,5,1,2,71474.399378,-0.000048,-0.005597,-272.855525,1.511061,272.665423,-10.128952,1.000000
349.116200,1,1,30,60,5,1,2,70380.658868,0.000573,-0.005505,-272.851852,1.487694,272.665355,-10.134209,1.000000
351.116200,1,1,30,60,5,1,2,69286.826404,-0.002051,-0.005436,-272.853877,1.464324,272.665398,-10.136462,1.000000
353.116200,1,1,30,60,5,1,2,68192.989111,0.000836,-0.005331,-272.853506,1.440953,272.665521,-10.136462,1.000000
355.116200,1,1,30,60,5,1,2,67099.373159,0.001198,-0.005274,-272.853494,1.417581,272.665643,-10.136462,1.000000
357.116200,1,1,30,60,5,1,2,66005.391353,-0.000474,-0.005156,-272.856311,1.394210,272.665743,-10.137005,1.000000
359.116200,1,1,30,60,5,1,2,64911.570085,-0.000206,-0.005076,-272.854198,1.370838,272.665861,-10.137005,1.000000
361.116200,1,1,30,60,5,1,2,63817.849511,0.000348,-0.005021,-272.855230,1.347467,272.665953,-10.137637,1.000000
363.116200,1,1,30,60,5,1,2,62742.084340,0.000742,-0.004910,-272.853946,1.324677,272.665963,-10.140358,1.000000
365.116200,1,1,30,60,5,1,2,61648.360123,-0.000438,-0.004834,-272.856633,1.301305,272.666075,-10.140358,1.000000
366.000000,1,1,30,60,5,4,2,20817.944089,-0.077327,0.081731,152.400000,-86.020890,724.855293,-28.378370,1.000017
367.116200,1,1,30,60,5,1,2,60554.592423,0.002342,-0.004756,-272.853911,1.277934,272.666165,-10.140875,1.000000
368.000000,1,1,30,60,5,4,2,13271.650031,0.551535,0.083078,152.400000,-85.893740,710.294092,-27.827764,1.000880
369.116200,1,1,30,60,5,1,2,59460.790338,-0.001271,-0.004662,-272.853137,1.254565,272.666137,-10.144529,1.000000
369.926061,1,1,30,60,5,4,2,13503.224068,-0.635950,0.087217,-702.065045,-85.637529,696.612582,-27.309234,1.001170
370.000000,1,1,30,60,5,4,2,14003.911078,0.114056,0.083901,152.400000,-85.625075,696.093933,-27.289705,1.000038
371.116200,1,1,30,60,5,1,2,58366.954845,-0.002383,-0.004553,-272.854444,1.231196,272.666155,-10.146890,1.000000
371.926061,1,1,30,60,5,4,2,11565.949673,0.001526,0.087684,-688.223493,-85.260052,682.748578,-26.793761,1.000000
372.000000,1,1,30,60,5,4,2,13530.078676,0.420720,0.085749,152.400000,-85.244002,682.242616,-26.775100,1.000512
373.116200,1,1,30,60,5,1,2,57273.171452,0.001614,-0.004488,-272.854827,1.207824,272.666240,-10.147410,1.000000
373.926061,1,1,30,60,5,4,2,9656.074573,0.001988,0.088124,-674.714041,-84.804833,669.224356,-26.305528,1.000000
374.000000,1,1,30,60,5,4,2,8954.981650,-0.044717,0.090525,152.400000,-84.786131,668.730812,-26.287858,1.000006
375.116200,1,1,30,60,5,1,2,56179.325786,0.000479,-0.004405,-272.854699,1.184455,272.666234,-10.150288,1.000000
375.926061,1,1,30,60,5,4,2,7772.968689,0.002172,0.088547,-661.528887,-84.296161,656.030090,-25.831515,1.000000
376.000000,1,1,30,60,5,4,2,8157.878859,-0.394349,0.094398,152.400000,-84.275691,655.548632,-25.814451,1.000450
377.116200,1,1,30,60,5,1,2,55085.603893,0.000443,-0.004304,-272.854017,1.161085,272.666285,-10.151617,1.000000
377.926061,1,1,30,60,5,4,2,5915.983416,0.002844,0.088962,-648.663327,-83.759058,643.158918,-25.380486,1.000000
378.000000,1,1,30,60,5,4,2,6593.318312,-0.159542,0.081573,152.400000,-83.737704,642.689250,-25.364426,1.000074
379.116200,1,1,30,60,5,1,2,53991.821030,-0.000192,-0.004236,-272.873497,0.976409,272.684445,-10.154030,1.000000
379.926061,1,1,30,60,5,4,2,4084.473972,0.003735,0.089361,-636.110090,-83.232851,630.599299,-24.961088,1.000000
380.000000,1,1,30,60,5,4,2,3274.972711,0.149424,0.085067,152.400000,-83.210683,630.141246,-24.946521,1.000065
381.116200,1,1,30,60,5,1,2,52885.566009,-0.010797,-0.004471,-278.026448,-12.434871,277.426499,-21.014688,1.000000
381.926061,1,1,30,60,5,4,2,2289.617634,-0.025328,0.090156,-624.023611,-82.776560,618.381471,-27.279494,1.000002
382.000000,1,1,30,60,5,4,2,2443.898051,1.219128,0.090936,152.400000,-82.760089,617.764291,-27.509239,1.004301
383.116200,1,1,30,60,5,1,2,51780.412499,-0.106164,-0.005706,-273.769872,-58.084421,271.971246,-55.278931,1.000033
383.926061,1,1,30,60,5,4,2,507.559739,-1.135414,0.090985,-611.701291,-82.062159,605.248959,-44.037036,1.003731
384.000000,1,1,30,60,5,4,2,351.333259,3.579084,0.094210,152.400000,-81.937747,604.613652,-44.752489,1.037058
385.116200,1,1,30,60,5,1,2,50715.426663,-0.120084,-0.008917,-228.714820,-99.080723,225.131835,-119.345979,1.000042
387.116200,1,1,30,60,5,1,2,49785.735906,-0.065262,-0.013369,-155.892111,-117.813812,151.747217,-171.231337,1.000012
389.116200,1,1,30,60,5,1,2,49015.509750,-0.034619,-0.018520,-75.396598,-127.720173,72.244212,-196.646337,1.000003
391.116200,1,1,30,60,5,1,2,48412.276704,-0.004748,-0.024040,3.761289,-133.888592,-5.008189,-196.534973,1.000000
393.116200,1,1,30,60,5,1,2,47963.390783,0.025045,-0.029939,75.419885,-138.514400,-74.449891,-172.713397,1.000002
395.116200,1,1,30,60,5,1,2,47644.959667,0.050237,-0.035857,135.280367,-136.762239,-132.440137,-130.742486,1.000007
397.116200,1,1,30,60,5,1,2,47427.622136,0.051256,-0.041389,180.469369,-115.290306,-177.032574,-88.433229,1.000008
399.116200,1,1,30,60,5,1,2,47277.843887,0.040939,-0.046403,207.713163,-122.618289,-203.044637,-53.518618,1.000005
401.116200,1,1,30,60,5,1,2,47180.333820,0.034656,-0.051326,237.037737,-100.480395,-232.698474,-29.810952,1.000003
403.116200,1,1,30,60,5,1,2,47132.683217,0.017280,-0.054709,257.372604,-59.316855,-254.765530,-15.562547,1.000001
405.116200,1,1,30,60,5,1,2,47113.091176,0.016020,-0.056281,266.399541,-14.681428,-266.005623,-1.009946,1.000001
407.116200,1,1,30,60,5,1,2,47109.581651,0.013025,-0.056326,275.211008,5.446501,-275.857012,6.489424,1.000000
409.116200,1,1,30,60,5,1,2,47125.865274,0.001978,-0.055931,285.792264,8.928915,-286.619164,8.369288,1.000000
411.116200,1,1,30,60,5,1,2,47163.854528,0.000827,-0.055462,296.644653,7.045814,-297.378488,7.431106,1.000000
413.116200,1,1,30,60,5,1,2,47223.245622,-0.002831,-0.055086,307.191560,4.460971,-307.805181,6.444757,1.000000
415.116200,1,1,30,60,5,1,2,47303.328560,-0.002854,-0.054811,317.089940,2.990188,-317.640695,6.015077,1.000000
417.116200,1,1,30,60,5,1,2,47401.651677,0.001645,-0.054539,325.577155,2.003890,-326.087016,5.751598,1.000000
419.116200,1,1,30,60,5,1,2,47515.431424,-0.000209,-0.054302,332.657539,1.416958,-333.141969,5.166186,1.000000
421.116200,1,1,30,60,5,1,2,47643.096843,-0.002398,-0.053995,339.348442,0.708696,-339.813076,4.347770,1.000000
423.116200,1,1,30,60,5,1,2,47783.868632,0.000288,-0.053850,345.813561,0.209813,-346.259737,3.963034,1.000000
425.116200,1,1,30,60,5,1,2,47937.208070,-0.001380,-0.053533,352.058872,-0.099748,-352.497932,3.554637,1.000000
427.116200,1,1,30,60,5,1,2,48103.378130,-0.003801,-0.053383,358.093991,-0.335683,-358.529144,3.412144,1.000000
429.116200,1,1,30,60,5,1,2,48280.881200,0.003312,-0.053157,363.935640,-0.495382,-364.368704,3.337445,1.000000
431.116200,1,1,30,60,5,1,2,48470.405102,0.000547,-0.052900,369.603919,-0.711708,-370.034574,2.944348,1.000000
433.116200,1,1,30,60,5,1,2,48670.777694,-0.001977,-0.052684,375.092306,-0.772805,-375.520662,2.784167,1.000000
435.116200,1,1,30,60,5,1,2,48881.952914,0.000400,-0.052401,380.377275,-0.866382,-380.806046,2.813453,1.000000
437.116200,1,1,30,60,5,1,2,49103.175680,-0.000169,-0.052192,385.408122,-0.988270,-385.836148,2.802975,1.000000
439.116200,1,1,30,60,5,1,2,49334.866810,-0.001402,-0.051901,390.203671,-1.126320,-390.622126,2.802587,1.000000
441.116200,1,1,30,60,5,1,2,49575.581408,0.002929,-0.051630,394.745641,-1.248725,-395.166535,2.897478,1.000000
443.116200,1,1,30,60,5,1,2,49825.294771,0.001060,-0.051337,399.067789,-1.400083,-399.480894,2.991918,1.000000
445.116200,1,1,30,60,5,1,2,50083.293547,-0.001083,-0.051163,403.159646,-1.529083,-403.571722,3.061260,1.000000
447.116200,1,1,30,60,5,1,2,50349.160923,-0.001828,-0.050852,407.046092,-1.653583,-407.448912,3.166459,1.000000
449.116200,1,1,30,60,5,1,2,50622.866681,-0.002467,-0.050545,410.722155,-1.739625,-411.121693,3.221033,1.000000
451.116200,1,1,30,60,5,1,2,50903.222468,0.001661,-0.050284,414.198931,-1.842096,-414.596472,3.241024,1.000000
453.116200,1,1,30,60,5,1,2,51191.144344,0.000769,-0.050061,417.496319,-1.946654,-417.886779,3.289409,1.000000
455.116200,1,1,30,60,5,1,2,51484.944459,0.000799,-0.049725,420.618779,-2.057627,-421.004640,3.255153,1.000000
457.116200,1,1,30,60,5,1,2,51784.983251,-0.000545,-0.049471,423.572992,-2.208912,-423.953200,3.196300,1.000000
459.116200,1,1,30,60,5,1,2,52091.160149,0.001291,-0.049194,425.932586,-2.349514,-426.302587,3.114049,1.000000
461.116200,1,1,30,60,5,1,2,52378.860695,0.036242,-0.048891,404.047253,-1.913092,-404.015589,51.662803,1.000004
463.116200,1,1,30,60,5,1,2,52607.861978,0.083504,-0.048733,366.310957,-3.683907,-365.155761,128.193307,1.000020
465.116200,1,1,30,60,5,1,2,52748.595977,0.074211,-0.048634,313.291853,-2.060349,-310.448481,195.616170,1.000016
467.116200,1,1,30,60,5,1,2,52775.737029,0.061219,-0.048632,248.744090,-2.396762,-243.415706,247.416205,1.000011
469.116200,1,1,30,60,5,1,2,52676.186307,0.037298,-0.048667,177.501915,-1.526598,-169.389647,280.498225,1.000004
471.116200,1,1,30,60,5,1,2,52438.560906,0.019647,-0.048901,103.999271,-1.063292,-93.145100,294.994614,1.000001
473.116200,1,1,30,60,5,1,2,52055.709448,0.000440,-0.049164,26.844506,-0.516117,-13.808070,291.107878,1.000000
475.116200,1,1,30,60,5,1,2,51523.801307,-0.023043,-0.049616,-45.529548,0.029269,59.512467,266.502453,1.000002
477.116200,1,1,30,60,5,1,2,50854.924731,-0.036429,-0.050171,-107.638293,0.546086,121.349392,230.203366,1.000004
479.116200,1,1,30,60,5,1,2,50065.824595,-0.046966,-0.050825,-160.196621,1.045038,172.529102,186.560772,1.000006
481.116200,1,1,30,60,5,1,2,49176.796569,-0.065471,-0.051613,-199.876762,1.265993,210.245330,143.414086,1.000012
483.116200,1,1,30,60,5,1,2,48212.790037,-0.062216,-0.052509,-226.471987,1.677874,235.016129,108.671116,1.000011
485.116200,1,1,30,60,5,1,2,47193.183591,-0.059597,-0.053415,-251.502100,3.262458,256.366527,54.221138,1.000010
487.116200,1,1,30,60,5,1,2,46131.062620,-0.060182,-0.054399,-264.056575,2.071400,267.095159,27.051865,1.000010
489.116200,1,1,30,60,5,1,2,45052.957459,0.091543,-0.056191,-261.809704,-38.841060,269.574295,57.107827,1.000024
491.116200,1,1,30,60,5,1,2,44025.397873,0.081290,-0.060452,-213.856677,-90.498741,230.613948,126.204732,1.000019
503.116200,1,1,30,60,5,1,2,43521.101957,0.588785,-0.026417,254.230664,-116.413908,-241.937399,91.638196,1.001003
505.116200,1,1,30,60,5,1,2,43508.422454,-0.057546,-0.030124,285.664195,-57.543995,-278.938397,61.146556,1.000010
507.116200,1,1,30,60,5,1,2,43558.729547,-0.043930,-0.031303,298.334852,-4.311902,-296.447028,33.824905,1.000006
509.116200,1,1,30,60,5,1,2,43638.030010,-0.016606,-0.031118,310.873420,1.813802,-309.766959,28.663785,1.000001
511.116200,1,1,30,60,5,1,2,43747.433311,0.006734,-0.030889,322.609867,1.512071,-321.494994,29.476362,1.000000
513.116200,1,1,30,60,5,1,2,43884.235456,-0.003598,-0.030638,332.251265,0.824601,-331.193992,29.688403,1.000000
515.116200,1,1,30,60,5,1,2,44043.336898,-0.003167,-0.030402,339.657518,0.048619,-338.725687,29.124028,1.000000
517.116200,1,1,30,60,5,1,2,44221.986063,0.002723,-0.030156,346.319612,-0.606423,-345.542293,28.309679,1.000000
519.116200,1,1,30,60,5,1,2,44419.793307,-0.006780,-0.029925,352.634780,-1.269788,-352.072587,26.287104,1.000000
521.116200,1,1,30,60,5,1,2,44634.673796,-0.004310,-0.029856,358.627871,-1.886048,-358.304807,23.283302,1.000000
523.116200,1,1,30,60,5,1,2,44868.131011,-0.001634,-0.029655,364.324656,-2.419846,-364.214649,19.663511,1.000000
525.116200,1,1,30,60,5,1,2,45117.920977,-0.010670,-0.029459,369.686239,-2.778475,-369.761572,16.359637,1.000000
527.116200,1,1,30,60,5,1,2,45385.028182,-0.004185,-0.029396,374.806656,-3.094677,-375.024463,11.485723,1.000000
529.116200,1,1,30,60,5,1,2,45667.183923,-0.005741,-0.029229,379.655103,-3.337489,-379.950722,6.367894,1.000000
531.116200,1,1,30,60,5,1,2,45965.536112,0.001126,-0.029032,384.200184,-3.505258,-384.551435,2.174529,1.000000
533.116200,1,1,30,60,5,1,2,46278.952592,-0.013807,-0.028948,388.501418,-3.658733,-388.837657,-2.467520,1.000001
535.116200,1,1,30,60,5,1,2,46606.702668,0.000903,-0.028855,392.493203,-3.775640,-392.806759,-6.470193,1.000000
537.116200,1,1,30,60,5,1,2,46949.387359,-0.008176,-0.028622,396.253822,-3.894604,-396.433304,-11.574660,1.000000
539.116200,1,1,30,60,5,1,2,47305.076690,-0.004909,-0.028571,399.729869,-3.977625,-399.806659,-15.460357,1.000000
541.116200,1,1,30,60,5,1,2,47674.199513,-0.003958,-0.028371,402.983177,-4.074784,-402.868405,-20.047741,1.000000
543.116200,1,1,30,60,5,1,2,48056.105874,-0.001478,-0.028288,406.050148,-4.161775,-405.578826,-25.758425,1.000000
545.116200,1,1,30,60,5,1,2,48451.551644,-0.002138,-0.028101,408.907730,-4.229642,-408.002069,-31.511650,1.000000
547.116200,1,1,30,60,5,1,2,48858.051232,-0.012764,-0.027850,411.538109,-4.294394,-410.229643,-36.508717,1.000000
549.116200,1,1,30,60,5,1,2,49276.421101,-0.001416,-0.027685,413.992282,-4.365042,-412.185767,-41.793821,1.000000
551.116200,1,1,30,60,5,1,2,49707.080075,-0.006050,-0.027564,416.255935,-4.424676,-414.041945,-45.970499,1.000000
553.116200,1,1,30,60,5,1,2,50149.207726,-0.158489,-0.027465,418.345441,-4.498515,-415.684409,-50.248431,1.000073
555.116200,1,1,30,60,5,1,2,50601.611875,-0.814808,-0.027154,420.324602,-4.569138,-416.954979,-55.801016,1.001921
557.116200,1,1,30,60,5,1,2,51064.907082,-1.463403,-0.026996,422.159134,-4.622085,-418.144235,-60.523586,1.006197
559.116200,1,1,30,60,5,1,2,51538.610699,-2.119435,-0.026887,423.844606,-4.683104,-419.117697,-65.456946,1.012998
561.116200,1,1,30,60,5,1,2,52023.585607,-2.760399,-0.026859,425.390827,-4.738202,-420.060816,-69.553861,1.022046
587.116200,1,1,30,60,5,1,2,53403.656629,-0.122324,-0.083467,-231.550025,1.861638,200.817648,178.073435,1.000043
589.116200,1,1,30,60,5,1,2,52371.954742,-0.039625,-0.084930,-258.379445,5.355354,236.597985,137.774472,1.000005
591.116200,1,1,30,60,5,1,2,51292.337448,-0.096362,-0.086478,-277.397698,2.810253,270.920117,64.392173,1.000027
593.116200,1,1,30,60,5,1,2,50176.949890,-0.038425,-0.088160,-285.606520,15.217823,282.474699,42.712037,1.000004
595.116200,1,1,30,60,5,1,2,49053.331719,0.014343,-0.089002,-287.312557,34.945311,280.012202,54.721234,1.000001
597.116200,1,1,30,60,5,1,2,47932.787858,0.007314,-0.089467,-287.696208,38.841741,279.047534,59.717013,1.000000
599.116200,1,1,30,60,5,1,2,46811.908188,-0.000121,-0.089871,-287.791597,39.460088,278.836460,60.959475,1.000000
601.116200,1,1,30,60,5,1,2,45690.923836,-0.001463,-0.090314,-287.752225,39.104682,278.910515,60.518071,1.000000
603.116200,1,1,30,60,5,1,2,44570.086750,-0.001291,-0.090793,-287.620741,38.625468,278.968725,59.745479,1.000000
617.000000,1,1,30,60,5,6,2,14093.649693,-14.667520,0.096143,152.400000,-62.860628,839.230101,259.658502,1.619182
619.000000,1,1,30,60,5,6,2,18049.039170,-26.092785,0.103682,152.400000,-76.367007,780.725752,325.158099,2.936424
621.000000,1,1,30,60,5,6,2,17453.428746,-56.097182,0.104128,152.400000,-80.391704,715.616905,390.805665,9.402067
623.000000,1,1,30,60,5,6,2,15762.454286,-122.849037,0.108971,152.400000,-76.705755,652.774156,440.575827,20.000000
625.000000,1,1,30,60,5,6,2,15446.471784,-153.453112,0.098877,152.400000,-68.281914,604.462307,463.882439,20.000000
627.000000,1,1,30,60,5,6,2,12010.950060,-164.759491,0.095917,152.400000,-58.224366,579.906757,456.330896,20.000000
629.000000,1,1,30,60,5,6,2,11025.588853,-169.985610,0.096228,152.400000,-48.756099,580.099073,417.497481,20.000000
631.000000,1,1,30,60,5,6,2,13804.395754,-173.286408,0.099472,152.400000,-40.960717,597.148847,349.259665,20.000000
633.000000,1,1,30,60,5,6,2,13060.026306,-179.576355,0.101624,152.400000,-34.977084,613.379336,268.170439,20.000000
635.000000,1,1,30,60,5,6,2,10886.674328,-178.253112,0.089234,152.400000,-30.333279,611.999032,215.708620,20.000000
637.000000,1,1,30,60,5,6,2,10710.765017,92.189230,0.041177,152.400000,109.447329,586.302135,175.805248,20.000000
639.000000,1,1,30,60,5,6,2,8457.494433,93.037848,0.026935,152.400000,180.918096,549.193163,147.651702,20.000000
641.000000,1,1,30,60,5,6,2,7798.189801,94.631868,0.000648,152.400000,222.991668,511.742825,128.438075,20.000000
643.000000,1,1,30,60,5,6,2,4440.458140,95.415287,-0.011833,152.400000,247.534801,477.293128,115.199513,20.000000
645.000000,1,1,30,60,5,6,2,4773.511262,96.309729,-0.025711,152.400000,262.084968,445.921063,105.607833,20.000000
647.000000,1,1,30,60,5,6,2,3788.304409,-177.633255,0.033230,152.400000,131.759466,451.767386,149.098118,20.000000
649.000000,1,1,30,60,5,6,2,4079.559197,-175.439744,0.069566,152.400000,25.040601,405.219334,240.914192,20.000000
651.000000,1,1,30,60,5,6,2,2947.664551,-169.299814,0.088038,152.400000,-10.799798,328.932282,317.238254,20.000000
653.000000,1,1,30,60,5,6,2,2304.081362,-67.536965,0.097997,152.400000,-24.784811,282.257091,344.663681,12.740341
655.000000,1,1,30,60,5,6,2,1422.607232,-5.998872,0.112396,152.400000,-39.882636,251.451852,352.793782,1.104045
657.000000,1,1,30,60,5,6,2,282.990826,3.305347,0.157440,152.400000,-84.168925,245.864593,337.175338,1.031608
