时间戳,导弹经度,导弹纬度,导弹高度,导弹航向角,导弹俯仰角,导弹滚转角,导弹速度X轴,导弹速度Y轴,导弹速度Z轴,加力状态,导弹导引头截获状态,本机剩余弹量
302,0.435897,0.029568,9144,-87.777181,0,0,272.857604,0,0,0,1,1
302.1,0.435645,0.029578,9144.12092,-87.777139,0.493814,0,253.897507,0,136.672388,1,1,1
302.2,0.43538,0.029588,9144.518296,-87.777098,1.0441,0,152.736988,0,262.666123,1,1,1
302.3,0.4351,0.029599,9145.250966,-87.777058,1.650551,0.000001,-25.442555,-0.000022,318.334876,1,1,1
302.4,0.434806,0.02961,9146.382161,-87.777019,2.312981,0,-226.333325,0,246.791631,1,1,1
302.5,0.434499,0.029622,9147.959512,-87.776981,2.96316,0,-344.969123,0,62.21547,1,1,1
302.6,0.434177,0.029635,9150.006368,-87.776945,3.583505,0,-331.203626,0,-156.698507,1,1,1
302.7,0.433842,0.029648,9152.539907,-87.776909,4.176064,0,-195.427648,0,-328.756077,1,1,1
302.75,0.433669,0.029655,9153.995388,-87.776892,4.462334,-0.000001,-96.65036,0.000083,-378.426363,1,1,1
302.8,0.433492,0.029661,9155.578733,-87.776875,4.742315,0,11.930867,0,-398.556639,1,1,1
302.9,0.433128,0.029676,9159.135006,-87.776842,5.284629,0,224.806257,0,-349.00596,1,1,1
303,0.43275,0.02969,9163.226121,-87.776811,5.804219,0,383.137729,0,-198.962389,1,1,1
303.1,0.432357,0.029705,9167.867091,-87.776781,6.302472,0.000001,448.376077,0.000383,8.648576,1,1,1
303.2,0.431949,0.029721,9173.072442,-87.776751,6.780639,0,408.96154,0,222.066441,1,1,1
303.25,0.43174,0.029729,9175.892005,-87.776737,7.012326,0,353.405915,0,315.722692,1,1,1
303.3,0.431527,0.029738,9178.857911,-87.776723,7.239403,0,278.196389,0,394.182354,1,1,1
303.4,0.43109,0.029755,9185.233816,-87.776696,7.680732,0,86.13724,0,492.201029,1,1,1
303.5,0.430637,0.029772,9192.214866,-87.77667,8.105153,0,-128.507096,0,500.825568,1,1,1
303.6,0.43017,0.02979,9199.813788,-87.776646,8.513552,0.000001,-327.571852,-0.00028,422.445947,1,1,1
303.7,0.429688,0.029809,9208.042913,-87.776623,8.906741,-0.000001,-479.780458,0.000579,273.455,1,1,1
303.784413,0.429269,0.029825,9215.489157,-87.776605,9.227218,0.000001,-556.245073,-0.000475,111.344206,1,1,1
303.9,0.428678,0.029848,9226.43897,-87.776582,9.650463,0.000001,-573.108519,-0.000692,-131.583632,1,1,1
304,0.428149,0.029869,9236.62893,-87.776564,10.002277,0.000001,-507.839087,-0.000434,-330.908155,1,1,1
304.1,0.427605,0.02989,9247.494744,-87.776548,10.341539,0,-379.881407,0,-495.54604,1,1,1
304.2,0.427046,0.029912,9259.046976,-87.776533,10.668793,0.000001,-206.340629,-0.000249,-608.79615,1,1,1
304.295695,0.426496,0.029933,9270.754236,-87.776521,10.971135,0,-16.142164,0,-660.379632,1,1,1
304.4,0.42588,0.029957,9284.251359,-87.776509,11.289266,0.000001,196.876842,0.000168,-650.967439,1,1,1
304.5,0.425273,0.029981,9297.923096,-87.7765,11.583384,0.000001,387.595446,0.000468,-581.636297,1,1,1
304.6,0.42465,0.030005,9312.320428,-87.776492,11.867308,0,549.562198,0,-462.009656,1,1,1
304.7,0.424011,0.030029,9327.452426,-87.776485,12.141416,0,671.567,0,-303.902998,1,1,1
304.75,0.423686,0.030042,9335.297212,-87.776483,12.274586,0.000001,715.223739,0.000611,-214.822646,1,1,1
304.8,0.423356,0.030055,9343.328942,-87.776481,12.405426,0,746.710789,0,-121.227448,1,1,1
304.9,0.422684,0.030081,9359.95641,-87.776478,12.660921,-0.000001,772.494453,-0.00066,73.257856,1,1,1
305,0.421996,0.030108,9377.344108,-87.776477,12.907588,0,749.721393,0,266.231786,1,1,1
305.1,0.421292,0.030135,9395.500052,-87.77648,13.145729,0,682.316778,0,446.406581,1,1,1
305.2,0.42057,0.030163,9414.431998,-87.776474,13.37559,0.000001,576.422371,0.000852,604.560316,1,1,1
305.25,0.420203,0.030177,9424.191782,-87.776472,13.487164,0,511.608299,0,672.98405,1,1,1
305.3,0.419832,0.030192,9434.148352,-87.77647,13.59676,0,440.12299,0,733.558409,1,1,1
305.4,0.419077,0.030221,9454.654538,-87.776467,13.810814,0,280.750109,0,829.504736,1,1,1
305.5,0.418305,0.030251,9475.958482,-87.776465,14.017312,0,107.151443,0,889.726724,1,1,1
305.6,0.417516,0.030282,9498.066964,-87.776466,14.216464,0.000001,-72.619425,-0.000062,913.868068,1,1,1
305.7,0.416709,0.030313,9520.986531,-87.776468,14.408466,0.000001,-251.236804,-0.000303,903.218,1,1,1
305.8,0.415885,0.030345,9544.72349,-87.776472,14.593504,0,-422.347873,0,860.36311,1,1,1
305.9,0.415043,0.030378,9569.283921,-87.776477,14.771752,0,-580.712033,0,788.838602,1,1,1
306,0.414184,0.030411,9594.673673,-87.776484,14.943375,0.000001,-722.251402,-0.000872,692.800626,1,1,1
306.1,0.413307,0.030445,9620.898371,-87.776506,15.108537,0,-844.036533,0,576.725538,1,1,1
306.2,0.412411,0.03048,9647.963417,-87.77653,15.267376,0,-944.193238,0,445.185358,1,1,1
306.3,0.411498,0.030515,9675.873974,-87.776557,15.420029,0,-1021.816154,0,302.625692,1,1,1
306.4,0.410566,0.030552,9704.634981,-87.776585,15.566626,0,-1076.829868,0,153.217285,1,1,1
306.5,0.409616,0.030588,9734.251149,-87.776615,15.707292,-0.000001,-1109.848106,0.000948,0.745445,1,1,1
306.6,0.408648,0.030626,9764.726962,-87.776647,15.842141,0,-1122.032348,0,-151.461464,1,1,1
306.7,0.40766,0.030664,9796.066679,-87.776681,15.971284,-0.000001,-1114.956784,0.001346,-300.570137,1,1,1
306.8,0.406654,0.030703,9828.274326,-87.776718,16.094824,0,-1090.484587,0,-444.252984,1,1,1
306.9,0.405629,0.030743,9861.353702,-87.776756,16.212861,0,-1050.658653,0,-580.677324,1,1,1
307,0.404584,0.030784,9895.308377,-87.776797,16.325487,0,-997.607851,0,-708.478356,1,1,1
307.1,0.40352,0.030825,9930.141674,-87.776825,16.432774,0,-933.482537,0,-826.706307,1,1,1
307.2,0.402436,0.030867,9965.628347,-87.776886,16.317874,0.000001,-1041.423284,-0.000889,-727.732644,1,1,1
307.25,0.401886,0.030889,9983.528819,-87.776919,16.259256,0,-1092.395491,0,-671.69794,1,1,1
307.3,0.40133,0.03091,10001.53287,-87.776952,16.200191,-0.000001,-1140.665361,0.000974,-611.684743,1,1,1
307.4,0.400204,0.030954,10037.84876,-87.77702,16.081718,0,-1227.303044,0,-481.33472,1,1,1
307.5,0.399056,0.030998,10074.56832,-87.77709,15.961464,-0.000001,-1299.618407,0.00111,-336.698049,1,1,1
307.6,0.397886,0.031044,10111.68374,-87.777164,15.839434,0,-1355.159961,0,-179.19819,1,1,1
307.7,0.396694,0.03109,10149.18694,-87.77724,15.715634,-0.000001,-1391.573063,0.001188,-10.674286,1,1,1
307.8,0.39548,0.031137,10187.06958,-87.777319,15.590068,-0.000001,-1406.668322,0.001201,166.612472,1,1,1
307.9,0.394244,0.031185,10225.32307,-87.777402,15.462743,0,-1398.494375,0,349.983178,1,1,1
308,0.392985,0.031234,10263.93858,-87.777487,15.333665,0,-1365.414216,0,536.357428,1,1,1
308.1,0.391714,0.031283,10302.5864,-87.777591,15.201443,0,-1281.818773,0,711.152108,0,1,1
308.2,0.390445,0.031333,10340.81164,-87.777693,15.069976,0,-1174.47197,0,870.777729,0,1,1
308.284411,0.389376,0.031374,10372.74976,-87.777779,14.959777,0,-1069.249084,0,992.492245,0,1,1
308.4,0.387915,0.031431,10416.00263,-87.777894,14.809668,0.000001,-906.107413,-0.001094,1137.85001,0,1,1
308.5,0.386654,0.03148,10452.9772,-87.777992,14.68084,0,-750.503237,0,1241.663132,0,1,1
308.6,0.385395,0.031529,10489.54391,-87.778089,14.552875,0.000001,-584.430553,-0.000706,1323.934526,0,1,1
308.7,0.384139,0.031577,10525.70718,-87.778184,14.425764,-0.000001,-410.848475,0.000351,1383.861338,0,1,1
308.8,0.382885,0.031626,10561.47131,-87.778279,14.299499,0,-232.726861,0,1421.034563,0,1,1
308.9,0.381634,0.031674,10596.84057,-87.778371,14.174071,0,-52.997015,0,1435.425995,0,1,1
309,0.380385,0.031723,10631.81916,-87.778463,14.049473,0,125.493903,0,1427.369633,0,1,1
309.1,0.379138,0.031771,10666.41114,-87.778539,13.925641,0,300.100907,0,1397.521816,0,1,1
309.2,0.377893,0.03182,10700.62053,-87.778621,13.802626,-0.000001,468.179161,-0.0004,1346.865849,0,1,1
309.25,0.377272,0.031844,10717.58304,-87.778661,13.741562,0.000001,548.839719,0.000469,1314.200561,0,1,1
309.3,0.376652,0.031868,10734.45161,-87.778701,13.680696,0,627.01012,0,1276.848941,0,1,1
309.4,0.375412,0.031916,10767.90861,-87.77878,13.559284,0,775.181632,0,1188.660793,0,1,1
309.5,0.374175,0.031964,10800.99486,-87.778858,13.438663,-0.000001,910.411935,-0.000777,1084.166352,0,1,1
309.6,0.37294,0.032012,10833.71418,-87.778935,13.318826,0,1031.056424,0,965.267962,0,1,1
309.7,0.371707,0.03206,10866.07036,-87.77901,13.199766,0.000001,1135.742074,0.001371,834.007299,0,1,1
309.8,0.370477,0.032107,10898.06712,-87.779084,13.081476,0,1223.374332,0,692.528649,0,1,1
309.9,0.369248,0.032155,10929.70813,-87.779158,12.963949,0,1293.13944,0,543.042865,0,1,1
310,0.368023,0.032202,10960.99703,-87.77923,12.847178,0,1344.502466,0,387.792528,0,1,1
310.1,0.366799,0.03225,10991.93744,-87.779308,12.731209,0,1377.189145,0,229.092442,0,1,1
310.2,0.365578,0.032297,11022.53296,-87.779385,12.615983,0,1391.231531,0,69.078469,0,1,1
310.284413,0.364548,0.032337,11048.09372,-87.779449,12.519356,0,1388.759178,0,-65.340311,0,1,1
310.4,0.363142,0.032392,11082.7035,-87.779536,12.387705,0,1364.621148,0,-246.43902,0,1,1
310.5,0.361927,0.032439,11112.28516,-87.779609,12.274665,0,1325.161432,0,-397.908092,0,1,1
310.6,0.360714,0.032486,11141.53568,-87.779682,12.162341,0.000001,1269.400978,0.001533,-542.734704,0,1,1
310.7,0.359504,0.032533,11170.45839,-87.779753,12.050725,0,1198.416644,0,-679.255005,0,1,1
310.795013,0.358356,0.032577,11197.63793,-87.77982,11.945351,0.000001,1118.007018,0.000955,-799.877302,0,1,1
310.9,0.357089,0.032626,11227.3335,-87.779893,11.829595,0,1015.827813,0,-921.55237,0,1,1
311,0.355885,0.032673,11255.29223,-87.779961,11.72007,0,907.056042,0,-1024.859195,0,1,1
311.1,0.354684,0.03272,11282.9359,-87.780022,11.611168,0,788.606202,0,-1114.987452,0,1,1
311.2,0.353484,0.032766,11310.26755,-87.780073,11.502959,0.000001,662.169689,0.000565,-1191.101913,0,1,1
311.25,0.352885,0.032789,11323.81736,-87.780098,11.449222,0,596.608608,0,-1223.657505,0,1,1
311.3,0.352286,0.032813,11337.29047,-87.780123,11.395651,-0.000001,529.674608,-0.00064,-1252.530263,0,1,1
311.4,0.35109,0.032859,11364.00787,-87.780173,11.28878,0,392.224771,0,-1299.156923,0,1,1
311.5,0.349897,0.032905,11390.42228,-87.780221,11.18257,-0.000001,251.765769,-0.000215,-1330.641096,0,1,1
311.6,0.348705,0.032951,11416.53664,-87.780268,11.077016,0,109.943077,0,-1346.969443,0,1,1
311.7,0.347516,0.032997,11442.35383,-87.780315,10.972113,0,-31.639007,0,-1348.300391,0,1,1
311.75,0.346922,0.03302,11455.1519,-87.780338,10.920012,0,-101.70732,0,-1343.449687,0,1,1
311.8,0.346328,0.033043,11467.8769,-87.78036,10.868071,0,-171.144369,0,-1334.996836,0,1,1
311.9,0.345143,0.033089,11493.10887,-87.780405,10.76445,0.000001,-307.687373,-0.000263,-1307.474321,0,1,1
312,0.343959,0.033135,11518.0521,-87.780449,10.661463,0,-439.583841,0,-1266.354994,0,1,1
312.1,0.342778,0.033181,11542.7094,-87.780507,10.559152,0,-565.484383,0,-1212.401783,0,1,1
312.2,0.341598,0.033227,11567.08352,-87.780565,10.457465,0,-684.270018,0,-1146.446342,0,1,1
312.28441,0.340604,0.033265,11587.43929,-87.780612,10.372168,-0.000001,-778.14963,0.000664,-1082.169845,0,1,1
312.4,0.339245,0.033318,11614.993,-87.780676,10.255921,0,-896.366957,0,-982.369393,0,1,1
312.5,0.338071,0.033363,11638.53341,-87.780731,10.156074,0,-987.888709,0,-886.386818,0,1,1
312.6,0.3369,0.033409,11661.8011,-87.780784,10.05683,0,-1068.767528,0,-782.617829,0,1,1
312.7,0.33573,0.033454,11684.79861,-87.780837,9.958184,-0.000002,-1138.440784,0.001944,-672.251367,0,1,1
312.8,0.334562,0.033499,11707.52842,-87.780889,9.860132,0.000001,-1196.475687,-0.001445,-556.502009,0,1,1
312.9,0.333396,0.033545,11729.99302,-87.780939,9.76267,0,-1242.567853,0,-436.596548,0,1,1
313,0.332232,0.03359,11752.19484,-87.780989,9.665791,0,-1276.538615,0,-313.761193,0,1,1
313.1,0.33107,0.033635,11774.13621,-87.781025,9.569436,-0.000001,-1298.341831,0.00192,-189.136467,0,1,1
313.2,0.329909,0.03368,11795.81943,-87.781073,9.473628,0,-1308.014803,0,-63.947938,0,1,1
313.25,0.32933,0.033702,11806.56498,-87.781097,9.426034,0,-1308.350578,0,-1.64396,0,1,1
313.3,0.328751,0.033725,11817.24698,-87.78112,9.378582,0.000001,-1305.736168,-0.001577,60.362741,0,1,1
313.4,0.327594,0.033769,11838.42135,-87.781167,9.283911,-0.000001,-1291.774607,0.001103,183.182013,0,1,1
313.5,0.326439,0.033814,11859.34448,-87.781213,9.189802,0,-1266.496524,0,303.197287,0,1,1
313.6,0.325286,0.033859,11880.01867,-87.781258,9.096251,0,-1230.366513,0,419.407013,0,1,1
313.7,0.324135,0.033903,11900.44613,-87.781302,9.003254,0,-1183.930955,0,530.876453,0,1,1
313.8,0.322986,0.033948,11920.6291,-87.781345,8.910807,0.000001,-1127.809236,-0.000963,636.743198,0,1,1
313.9,0.321838,0.033992,11940.56974,-87.781388,8.818905,0,-1062.685293,0,736.221866,0,1,1
314,0.320692,0.034037,11960.27022,-87.781429,8.727544,-0.000001,-989.298682,0.000845,828.607831,0,1,1
314.1,0.319548,0.034081,11979.73277,-87.78147,8.636806,0.000001,-908.513547,-0.000776,913.20229,0,1,1
314.2,0.318406,0.034125,11998.95959,-87.78151,8.546601,0,-821.088114,0,989.562328,0,1,1
314.28441,0.317444,0.034163,12015.00702,-87.781543,8.470916,0,-742.799722,0,1047.242149,0,1,1
314.4,0.316127,0.034214,12036.71444,-87.781588,8.367755,0.000001,-629.718641,-0.000931,1115.881969,0,1,1
314.5,0.31499,0.034258,12055.24643,-87.781626,8.279125,0,-527.546229,0,1165.18984,0,1,1
314.6,0.313855,0.034302,12073.55087,-87.781663,8.191011,0,-422.22379,0,1204.982314,0,1,1
314.7,0.312722,0.034346,12091.62975,-87.781699,8.103411,0.000001,-314.634638,-0.000269,1235.148271,0,1,1
314.8,0.31159,0.034389,12109.48506,-87.781734,8.016321,-0.000001,-205.651635,0.000176,1255.655932,0,1,1
314.9,0.31046,0.034433,12127.11872,-87.781769,7.929736,0,-96.130585,0,1266.549715,0,1,1
315,0.309332,0.034477,12144.53267,-87.781803,7.843654,0.000001,13.095881,0.000011,1267.946614,0,1,1
315.1,0.308205,0.034521,12161.7287,-87.781839,7.757974,0,121.344152,0,1260.020595,0,1,1
315.2,0.30708,0.034564,12178.7086,-87.781853,7.672802,0,227.706208,0,1243.015329,0,1,1
315.25,0.306518,0.034586,12187.11811,-87.78186,7.630481,0,279.855229,0,1231.226705,0,1,1
315.3,0.305957,0.034608,12195.47438,-87.781867,7.588282,0,331.267474,0,1217.296943,0,1,1
315.4,0.304835,0.034651,12212.02801,-87.78188,7.504089,0,431.733674,0,1183.133294,0,1,1
315.5,0.303715,0.034694,12228.37105,-87.781893,7.420381,0,528.258092,0,1140.978704,0,1,1
315.6,0.302597,0.034738,12244.50529,-87.781904,7.337154,-0.000001,620.243903,-0.00053,1091.292305,0,1,1
315.7,0.301481,0.034781,12260.43252,-87.781916,7.254406,0,707.145477,0,1034.572478,0,1,1
315.75,0.300923,0.034803,12268.31908,-87.781921,7.213287,0,748.456596,0,1003.799397,0,1,1
315.8,0.300366,0.034824,12276.15463,-87.781927,7.172287,0,788.3219,0,971.475531,0,1,1
315.9,0.299252,0.034867,12291.67347,-87.781937,7.090483,0,863.643742,0,902.324663,0,1,1
316,0.298141,0.03491,12306.99052,-87.781947,7.009149,-0.000001,932.568207,-0.000796,827.816754,0,1,1
316.1,0.297031,0.034953,12322.10758,-87.781974,6.928365,-0.000001,994.703672,-0.001201,748.639706,0,1,1
316.2,0.295922,0.034996,12337.02644,-87.782001,6.848042,0.000001,1049.857257,0.000896,665.332856,0,1,1
316.284411,0.294988,0.035032,12349.46656,-87.782023,6.780637,0,1090.795374,0,592.300636,0,1,1
316.4,0.29371,0.035082,12366.27626,-87.782052,6.688754,0,1138.416577,0,488.805868,0,1,1
316.5,0.292607,0.035125,12380.61041,-87.782077,6.609797,0,1171.543735,0,396.853291,0,1,1
316.6,0.291505,0.035167,12394.75292,-87.782101,6.531289,0.000001,1197.14576,0.001022,303.264893,0,1,1
316.7,0.290404,0.03521,12408.7054,-87.782124,6.453227,0,1215.215285,0,208.652215,0,1,1
316.8,0.289306,0.035253,12422.46943,-87.782147,6.375608,0,1225.792677,0,113.6143,0,1,1
316.9,0.288208,0.035295,12436.04658,-87.782169,6.298428,0,1228.963799,0,18.734305,0,1,1
317,0.287113,0.035337,12449.43841,-87.782191,6.221686,0,1224.857566,0,-75.423615,0,1,1
317.1,0.286019,0.03538,12462.64635,-87.782195,6.145281,0,1213.627224,0,-168.433227,0,1,1
317.2,0.284926,0.035422,12475.67185,-87.782203,6.069324,0,1195.482706,0,-259.637664,0,1,1
317.25,0.28438,0.035443,12482.11667,-87.782207,6.031576,-0.000001,1183.913922,-0.001011,-304.333298,0,1,1
317.3,0.283835,0.035464,12488.51652,-87.78221,5.993934,0,1170.715728,0,-348.402342,0,1,1
317.4,0.282746,0.035507,12501.18197,-87.782217,5.91883,-0.000001,1139.511656,-0.000973,-434.59042,0,1,1
317.5,0.281658,0.035549,12513.66946,-87.782224,5.84415,0,1102.212497,0,-517.60197,0,1,1
317.6,0.280571,0.035591,12525.98045,-87.78223,5.76989,-0.000001,1059.147834,-0.000904,-597.034609,0,1,1
317.7,0.279486,0.035633,12538.1164,-87.782235,5.696047,0,1010.670325,0,-672.518821,0,1,1
317.75,0.278944,0.035654,12544.1192,-87.782238,5.659348,0,984.565668,0,-708.608897,0,1,1
317.8,0.278403,0.035675,12550.07884,-87.78224,5.622753,0,957.253126,0,-743.59283,0,1,1
317.9,0.277321,0.035717,12561.86928,-87.782244,5.549736,0.000001,899.092349,0.000768,-810.215962,0,1,1
318,0.276241,0.035759,12573.48893,-87.782248,5.477129,-0.000001,836.683421,-0.000714,-871.986885,0,1,1
318.1,0.275162,0.0358,12584.93926,-87.782264,5.40501,0,770.516374,0,-928.610767,0,1,1
318.2,0.274084,0.035842,12596.22175,-87.782279,5.333295,0,700.946142,0,-979.964581,0,1,1
318.284411,0.273176,0.035877,12605.61578,-87.782291,5.273105,0,639.922102,0,-1019.069009,0,1,1
318.4,0.271934,0.035925,12618.28868,-87.782307,5.191052,0,553.29258,0,-1066.252877,0,1,1
318.5,0.270861,0.035967,12629.07572,-87.782321,5.120533,0,476.081995,0,-1100.955379,0,1,1
318.6,0.26979,0.036008,12639.70029,-87.782333,5.050407,0.000001,397.182591,0.000587,-1129.93797,0,1,1
318.7,0.26872,0.03605,12650.1637,-87.782345,4.980672,-0.000001,317.018044,-0.000271,-1153.16874,0,1,1
318.8,0.267651,0.036091,12660.46725,-87.782357,4.911325,0.000001,236.005661,0.000285,-1170.646011,0,1,1
318.9,0.266584,0.036132,12670.61223,-87.782368,4.842365,0,154.554419,0,-1182.397119,0,1,1
319,0.265518,0.036174,12680.59993,-87.782378,4.773788,0,73.063148,0,-1188.477102,0,1,1
319.1,0.264454,0.036215,12690.4315,-87.782378,4.705501,0.000001,-8.190148,-0.00001,-1188.966544,0,1,1
319.2,0.263391,0.036256,12700.10808,-87.782399,4.637574,0,-88.743413,0,-1183.955974,0,1,1
319.25,0.26286,0.036277,12704.88865,-87.782409,4.603812,0,-128.565028,0,-1179.436024,0,1,1
319.3,0.26233,0.036297,12709.63099,-87.78242,4.570144,0,-168.073296,0,-1173.595855,0,1,1
319.4,0.26127,0.036338,12719.00155,-87.78244,4.502968,-0.000001,-246.118682,0.00021,-1158.003212,0,1,1
319.5,0.260212,0.036379,12728.2208,-87.782459,4.436165,0,-322.409142,0,-1137.362482,0,1,1
319.6,0.259154,0.03642,12737.28994,-87.782478,4.369731,0,-396.635116,0,-1111.864125,0,1,1
319.7,0.258099,0.036461,12746.21018,-87.782497,4.303666,0.000001,-468.505897,-0.0004,-1081.715448,0,1,1
319.75,0.257572,0.036481,12750.61484,-87.782505,4.270829,0.000001,-503.411117,-0.00043,-1064.996205,0,1,1
319.8,0.257045,0.036502,12754.98278,-87.782514,4.238082,0.000001,-537.629992,-0.000459,-1047.202601,0,1,1
319.9,0.255992,0.036543,12763.60901,-87.782531,4.172744,0,-604.00249,0,-1008.441165,0,1,1
320,0.25494,0.036583,12772.08987,-87.782548,4.107768,0,-667.26713,0,-965.735103,0,1,1
320.1,0.25389,0.036624,12780.42661,-87.782552,4.043263,0,-727.110507,0,-919.424116,0,1,1
320.2,0.252842,0.036665,12788.62051,-87.782555,3.979114,0,-783.458693,0,-869.705025,0,1,1
320.28441,0.251957,0.036699,12795.42664,-87.782557,3.925271,0.000001,-828.1538,-0.000707,-825.309971,0,1,1
320.4,0.250748,0.036746,12804.58433,-87.782559,3.851865,0,-885.029383,0,-761.126596,0,1,1
320.5,0.249704,0.036786,12812.35641,-87.782561,3.788771,0.000001,-929.970444,-0.001123,-702.835562,0,1,1
320.6,0.248661,0.036826,12819.99011,-87.782562,3.726024,0,-970.870827,0,-642.251411,0,1,1
320.7,0.247619,0.036867,12827.48652,-87.782562,3.663623,0,-1007.64487,0,-579.659233,0,1,1
320.795013,0.24663,0.036905,12834.48286,-87.782562,3.604663,0,-1038.696462,0,-518.598763,0,1,1
320.9,0.245539,0.036947,12842.07182,-87.782562,3.539848,0,-1068.569154,0,-449.587939,0,1,1
321,0.244501,0.036988,12849.16282,-87.782561,3.478471,0,-1092.643366,0,-382.674478,0,1,1
321.1,0.243465,0.037028,12856.12069,-87.782573,3.417307,0,-1112.478123,0,-314.741931,0,1,1
321.2,0.24243,0.037068,12862.94633,-87.782602,3.356477,0,-1128.024322,0,-246.196256,0,1,1
321.3,0.241396,0.037108,12869.64079,-87.782631,3.295982,0,-1139.304775,0,-177.307412,0,1,1
321.4,0.240364,0.037148,12876.20511,-87.782658,3.235818,0,-1146.358721,0,-108.337358,0,1,1
321.5,0.239333,0.037188,12882.64029,-87.782686,3.175985,-0.000001,-1149.240542,0.000981,-39.540642,0,1,1
321.6,0.238303,0.037228,12888.94734,-87.782712,3.11648,0,-1148.018944,0,28.836353,0,1,1
321.7,0.237275,0.037267,12895.12729,-87.782738,3.0573,0,-1142.776114,0,96.556083,0,1,1
321.75,0.236761,0.037287,12898.16991,-87.782751,3.027883,0.000001,-1138.683176,-0.000972,130.039973,0,1,1
321.8,0.236248,0.037307,12901.18118,-87.782763,2.998547,0,-1133.624732,0,163.275775,0,1,1
321.9,0.235222,0.037347,12907.11007,-87.782788,2.940013,0,-1120.642052,0,229.009079,0,1,1
322,0.234197,0.037387,12912.91481,-87.782812,2.8818,-0.000001,-1103.956682,0.000943,293.431589,0,1,1
322.1,0.233174,0.037426,12918.59648,-87.782803,2.824032,0,-1083.741456,0,356.208274,0,1,1
322.2,0.232152,0.037466,12924.15617,-87.782794,2.766581,0,-1060.102688,0,417.298602,0,1,1
322.25,0.231642,0.037485,12926.89058,-87.782789,2.738023,0.000001,-1047.06669,-0.000894,447.105678,0,1,1
322.3,0.231132,0.037505,12929.5949,-87.782784,2.709542,-0.000001,-1033.232031,0.001528,476.428975,0,1,1
322.4,0.230112,0.037545,12934.91368,-87.782774,2.652716,0,-1003.190148,0,533.643091,0,1,1
322.5,0.229094,0.037584,12940.11331,-87.782763,2.5962,0,-970.176994,0,588.687016,0,1,1
322.6,0.228078,0.037623,12945.19472,-87.782753,2.539994,0,-934.355729,0,641.42289,0,1,1
322.7,0.227062,0.037663,12950.15883,-87.782741,2.484094,0.000001,-895.894294,-0.000765,691.724732,0,1,1
322.8,0.226048,0.037702,12955.00654,-87.782729,2.428499,0,-854.964606,0,739.478434,0,1,1
322.9,0.225035,0.037741,12959.73876,-87.782717,2.373207,0,-811.741792,0,784.581713,0,1,1
323,0.224023,0.03778,12964.3564,-87.782704,2.318217,0,-766.40343,0,826.944014,0,1,1
323.1,0.223013,0.03782,12968.8602,-87.782725,2.263387,0,-719.00777,0,866.586833,0,1,1
323.2,0.222004,0.037859,12973.2509,-87.782697,2.208854,0.000001,-669.844813,-0.000572,903.329309,0,1,1
323.3,0.220996,0.037898,12977.52938,-87.782669,2.154618,-0.000001,-619.098429,0.000916,937.112903,0,1,1
323.4,0.21999,0.037937,12981.69652,-87.78264,2.100678,0,-566.950416,0,967.891831,0,1,1
323.5,0.218984,0.037976,12985.75317,-87.782611,2.047032,0.000001,-513.581702,-0.000438,995.631121,0,1,1
323.6,0.21798,0.038014,12989.70019,-87.782582,1.993678,0,-459.171762,0,1020.306303,0,1,1
323.7,0.216977,0.038053,12993.53843,-87.782553,1.940615,0,-403.898069,0,1041.903094,0,1,1
323.75,0.216476,0.038073,12995.41703,-87.782538,1.914236,0.000001,-376.03945,-0.000321,1051.528971,0,1,1
323.8,0.215976,0.038092,12997.2688,-87.782523,1.88793,0,-348.030688,0,1060.386968,0,1,1
323.9,0.214975,0.038131,13000.89217,-87.782493,1.835442,0,-291.551842,0,1075.828394,0,1,1
324,0.213976,0.038169,13004.40927,-87.782462,1.78324,0,-234.724407,0,1088.206048,0,1,1
324.1,0.212978,0.038208,13007.82106,-87.782446,1.731467,0,-177.871923,0,1097.516984,0,1,1
324.2,0.211981,0.038247,13011.12849,-87.782429,1.679975,0,-120.996772,0,1103.834606,0,1,1
324.3,0.210986,0.038285,13014.33237,-87.782411,1.628764,0,-64.253527,0,1107.197633,0,1,1
324.4,0.209992,0.038324,13017.4335,-87.782393,1.577831,0,-7.791907,0,1107.652143,0,1,1
324.5,0.208998,0.038362,13020.43267,-87.782375,1.527175,0,48.243504,0,1105.251139,0,1,1
324.6,0.208007,0.038401,13023.33067,-87.782356,1.476794,0,103.713503,0,1100.054125,0,1,1
324.7,0.207016,0.038439,13026.12828,-87.782337,1.426687,0,158.484486,0,1092.126674,0,1,1
324.784413,0.206181,0.038471,13028.41226,-87.782321,1.384624,0,204.055781,0,1083.366827,0,1,1
324.9,0.205038,0.038516,13031.42546,-87.782298,1.32728,0,265.43287,0,1068.368217,0,1,1
325,0.204051,0.038554,13033.92651,-87.782277,1.277985,0,317.363644,0,1052.69669,0,1,1
325.1,0.203065,0.038592,13036.33008,-87.782243,1.2288,0,368.284239,0,1034.550777,0,1,1
325.2,0.202081,0.03863,13038.63679,-87.782209,1.179904,0.000001,417.897086,0.000357,1014.072438,0,1,1
325.3,0.201097,0.038668,13040.84742,-87.782175,1.131275,0,466.128196,0,991.348203,0,1,1
325.4,0.200115,0.038706,13042.96271,-87.78214,1.082909,-0.000001,512.886183,-0.000438,966.474954,0,1,1
325.5,0.199134,0.038744,13044.98338,-87.782105,1.034807,0.000001,558.08611,0.000476,939.552344,0,1,1
325.6,0.198154,0.038782,13046.91018,-87.78207,0.986965,0,601.649481,0,910.682409,0,1,1
325.7,0.197175,0.03882,13048.74382,-87.782034,0.939384,0,643.504217,0,879.96919,0,1,1
325.75,0.196686,0.038839,13049.62594,-87.782016,0.91573,0.000001,663.735998,0.000567,863.981048,0,1,1
325.8,0.196197,0.038858,13050.48507,-87.781998,0.89214,0,683.518046,0,847.573179,0,1,1
325.9,0.195221,0.038896,13052.13471,-87.781962,0.845073,0.000001,721.768012,0.000616,813.494204,0,1,1
326,0.194246,0.038934,13053.69332,-87.781926,0.798263,-0.000001,758.13114,-0.000647,777.892303,0,1,1
326.1,0.193272,0.038971,13055.16175,-87.781902,0.751845,0,792.457742,0,740.985796,0,1,1
326.2,0.192299,0.039009,13056.54083,-87.781878,0.705678,0,824.820718,0,702.781926,0,1,1
326.3,0.191327,0.039047,13057.83124,-87.781854,0.659763,0,855.185354,0,663.388608,0,1,1
326.4,0.190356,0.039084,13059.03367,-87.781829,0.614096,0,883.522649,0,622.913466,0,1,1
326.5,0.189387,0.039122,13060.14879,-87.781804,0.568678,-0.000001,909.809173,-0.000777,581.463565,0,1,1
326.6,0.188418,0.039159,13061.17728,-87.781779,0.523506,0.000001,934.026916,0.000797,539.145153,0,1,1
326.7,0.187451,0.039197,13062.11981,-87.781753,0.478579,0,956.16313,0,496.063425,0,1,1
326.784411,0.186636,0.039228,13062.849,-87.781731,0.440866,0,973.2138,0,459.19957,0,1,1
326.9,0.18552,0.039272,13063.74966,-87.7817,0.389448,0,994.168179,0,408.016869,0,1,1
327,0.184556,0.039309,13064.43825,-87.781673,0.345249,0,1010.033015,0,363.26244,0,1,1
327.1,0.183594,0.039346,13065.04335,-87.781634,0.301137,0,1023.863009,0,317.994469,0,1,1
327.2,0.182632,0.039383,13065.56548,-87.781605,0.25727,-0.000001,1035.605205,-0.000884,272.468055,0,1,1
327.3,0.181672,0.039421,13066.00529,-87.781576,0.213641,0,1045.276417,0,226.774158,0,1,1
327.4,0.180712,0.039458,13066.3634,-87.781546,0.170248,0.000001,1052.895848,0.000899,181.005937,0,1,1
327.5,0.179754,0.039495,13066.64045,-87.781516,0.127092,0.000001,1058.486541,0.000904,135.25404,0,1,1
327.6,0.178797,0.039532,13066.83706,-87.781486,0.08417,0,1062.075173,0,89.606487,0,1,1
327.7,0.177841,0.039569,13066.95387,-87.781456,0.041481,0,1063.691862,0,44.148562,0,1,1
327.75,0.177364,0.039587,13066.98254,-87.78144,0.020259,0,1063.770628,0,21.554223,0,1,1
327.8,0.176886,0.039606,13066.99152,-87.781425,-0.000905,0.000001,1063.370748,0.001572,-0.96234,0,1,1
327.9,0.175933,0.039643,13066.95068,-87.781393,-0.043132,0,1061.14977,0,-45.797449,0,1,1
328,0.17498,0.03968,13066.83186,-87.781362,-0.085129,0.000001,1057.065731,0.000902,-90.204531,0,1,1
328.1,0.174028,0.039717,13066.63582,-87.781331,-0.126746,0.000001,1051.180714,0.001269,-133.951498,0,1,1
328.2,0.173078,0.039754,13066.36328,-87.7813,-0.168138,-0.000001,1043.531686,-0.000891,-177.12995,0,1,1
328.3,0.172129,0.03979,13066.01485,-87.781268,-0.209305,0,1034.164801,0,-219.673386,0,1,1
328.4,0.17118,0.039827,13065.5911,-87.781236,-0.250249,0,1023.128248,0,-261.518442,0,1,1
328.5,0.170233,0.039864,13065.09263,-87.781204,-0.290969,0,1010.47207,0,-302.604912,0,1,1
328.6,0.169287,0.0399,13064.52001,-87.781172,-0.331469,-0.000001,996.247985,-0.000851,-342.875759,0,1,1
328.7,0.168342,0.039937,13063.87382,-87.781139,-0.371749,0,980.509214,0,-382.277121,0,1,1
328.784411,0.167546,0.039968,13063.27153,-87.78111,-0.405561,0,966.092705,0,-414.805102,0,1,1
328.9,0.166456,0.04001,13062.36303,-87.781072,-0.451658,0,944.703931,0,-458.277911,0,1,1
329,0.165514,0.040047,13061.49952,-87.781038,-0.491285,0,924.752694,0,-494.779087,0,1,1
329.1,0.164573,0.040083,13060.56455,-87.781004,-0.530861,0,903.423673,0,-530.376238,0,1,1
329.2,0.163634,0.040119,13059.55849,-87.780959,-0.57025,0,880.835637,0,-564.898966,0,1,1
329.284413,0.162842,0.04015,13058.65432,-87.780921,-0.603316,0,860.853992,0,-593.142192,0,1,1
329.4,0.161758,0.040192,13057.33529,-87.780868,-0.648394,0,832.160716,0,-630.505391,0,1,1
329.5,0.160822,0.040228,13056.11919,-87.780822,-0.687143,0,806.1981,0,-661.521252,0,1,1
329.6,0.159886,0.040265,13054.83418,-87.780776,-0.725681,-0.000001,779.231396,-0.000665,-691.31084,0,1,1
329.7,0.158952,0.040301,13053.48079,-87.780729,-0.76401,0,751.321118,0,-719.850343,0,1,1
329.8,0.158019,0.040337,13052.05955,-87.780683,-0.802129,0,722.527686,0,-747.118792,0,1,1
329.9,0.157087,0.040373,13050.57099,-87.780636,-0.840041,0,692.911315,0,-773.09799,0,1,1
330,0.156156,0.040409,13049.01565,-87.780588,-0.877746,0,662.531906,0,-797.77245,0,1,1
330.1,0.155226,0.040445,13047.39421,-87.780551,-0.915047,0,631.612086,0,-821.003819,0,1,1
330.2,0.154297,0.040481,13045.70739,-87.780514,-0.952144,0,600.055266,0,-842.920685,0,1,1
330.25,0.153833,0.040499,13044.83962,-87.780495,-0.970586,-0.000001,584.082196,-0.000499,-853.366111,0,1,1
330.3,0.153369,0.040517,13043.95572,-87.780476,-0.988979,0,567.971791,0,-863.481371,0,1,1
330.4,0.152442,0.040553,13042.13976,-87.780438,-1.025673,0,535.313371,0,-882.751126,0,1,1
330.5,0.151516,0.040589,13040.25993,-87.7804,-1.062168,0,502.188134,0,-900.690603,0,1,1
330.6,0.150591,0.040625,13038.31673,-87.780361,-1.098464,0,468.651252,0,-917.299055,0,1,1
330.7,0.149668,0.040661,13036.31067,-87.780322,-1.134562,-0.000002,434.756981,-0.000742,-932.577858,0,1,1
330.8,0.148745,0.040696,13034.24223,-87.780283,-1.170463,0,400.558595,0,-946.530428,0,1,1
330.9,0.147823,0.040732,13032.11191,-87.780243,-1.206168,0,366.108332,0,-959.162143,0,1,1
331,0.146903,0.040768,13029.92019,-87.780203,-1.241679,0,331.457331,0,-970.480256,0,1,1
331.1,0.145983,0.040804,13027.66737,-87.780153,-1.277209,0,296.445502,0,-980.557368,0,1,1
331.2,0.145065,0.040839,13025.35373,-87.78013,-1.31256,0,261.315428,0,-989.32901,0,1,1
331.284412,0.14429,0.040869,13023.35375,-87.78011,-1.342234,0,231.631285,0,-995.719338,0,1,1
331.4,0.143231,0.04091,13020.54587,-87.780082,-1.382688,0,190.928926,0,-1002.994423,0,1,1
331.5,0.142315,0.040946,13018.05257,-87.780058,-1.417462,0,155.771331,0,-1007.916667,0,1,1
331.6,0.141401,0.040981,13015.50033,-87.780033,-1.452045,0.000001,120.695384,0.000103,-1011.588008,0,1,1
331.7,0.140487,0.041017,13012.88963,-87.780008,-1.486439,0,85.744215,0,-1014.026828,0,1,1
331.8,0.139575,0.041052,13010.22091,-87.779982,-1.520644,0,50.95955,0,-1015.252776,0,1,1
331.9,0.138663,0.041087,13007.49466,-87.779956,-1.554663,0.000001,16.381694,0.00002,-1015.286679,0,1,1
332,0.137753,0.041123,13004.71131,-87.77993,-1.588495,0,-17.950486,0,-1014.150471,0,1,1
332.1,0.136843,0.041158,13001.87154,-87.779884,-1.621907,0,-51.762811,0,-1011.879239,0,1,1
332.2,0.135935,0.041193,12998.976,-87.779839,-1.655136,0,-85.259269,0,-1008.500359,0,1,1
332.25,0.135481,0.041211,12997.50746,-87.779816,-1.671656,0.000001,-101.85097,-0.000087,-1006.406163,0,1,1
332.3,0.135028,0.041228,12996.02517,-87.779793,-1.68813,0,-118.351496,0,-1004.045139,0,1,1
332.4,0.134121,0.041263,12993.01951,-87.779747,-1.720997,0,-151.117185,0,-998.526604,0,1,1
332.5,0.133216,0.041298,12989.9594,-87.779701,-1.753684,0,-183.470044,0,-991.975794,0,1,1
332.6,0.132312,0.041334,12986.84528,-87.779654,-1.786192,0.000001,-215.380588,-0.000184,-984.419229,0,1,1
332.7,0.131408,0.041369,12983.67757,-87.779607,-1.818521,0,-246.820747,0,-975.884007,0,1,1
332.8,0.130506,0.041404,12980.45671,-87.77956,-1.850674,0,-277.763862,0,-966.397744,0,1,1
332.9,0.129604,0.041438,12977.18313,-87.779512,-1.88265,0,-308.184674,0,-955.988509,0,1,1
333,0.128704,0.041473,12973.85724,-87.779464,-1.914451,-0.000001,-338.059308,0.000289,-944.684767,0,1,1
333.1,0.127804,0.041508,12970.47925,-87.779438,-1.946328,0,-367.599259,0,-932.423122,0,1,1
333.2,0.126906,0.041543,12967.04936,-87.779406,-1.978022,0,-396.533561,0,-919.314388,0,1,1
333.284412,0.126148,0.041572,12964.11405,-87.779379,-2.004625,-0.000001,-420.464887,0.000359,-907.615471,0,1,1
333.4,0.125112,0.041613,12960.0356,-87.779342,-2.040891,0,-452.533627,0,-890.664562,0,1,1
333.5,0.124217,0.041647,12956.45253,-87.779309,-2.072064,0,-479.55811,0,-875.186022,0,1,1
333.6,0.123322,0.041682,12952.81923,-87.779276,-2.103065,0.000001,-505.911614,-0.000432,-858.978074,0,1,1
333.7,0.122428,0.041717,12949.13609,-87.779243,-2.133896,0.000001,-531.579098,-0.000454,-842.071067,0,1,1
333.8,0.121536,0.041751,12945.40354,-87.779209,-2.164556,0,-556.546779,0,-824.495339,0,1,1
333.9,0.120644,0.041786,12941.62196,-87.779175,-2.195048,-0.000001,-580.802112,0.000496,-806.281181,0,1,1
334,0.119754,0.04182,12937.79175,-87.77914,-2.225371,0.000001,-604.333756,-0.000516,-787.458791,0,1,1
334.1,0.118864,0.041855,12933.91353,-87.779087,-2.255278,0,-626.940531,0,-768.214143,0,1,1
334.2,0.117975,0.041889,12929.98791,-87.779034,-2.285021,0,-648.81563,0,-748.431017,0,1,1
334.25,0.117531,0.041907,12928.00744,-87.779007,-2.299806,0,-659.458447,0,-738.362896,0,1,1
334.3,0.117088,0.041924,12926.01529,-87.77898,-2.314551,0,-669.91621,0,-728.171409,0,1,1
334.4,0.116201,0.041958,12921.99608,-87.778926,-2.343967,0,-690.30752,0,-707.398842,0,1,1
334.5,0.115315,0.041993,12917.93061,-87.778872,-2.373221,0,-709.94745,0,-686.174098,0,1,1
334.6,0.11443,0.042027,12913.81927,-87.778818,-2.402314,0,-728.831468,0,-664.525407,0,1,1
334.7,0.113546,0.042061,12909.66242,-87.778763,-2.431246,0,-746.956011,0,-642.48068,0,1,1
334.8,0.112663,0.042095,12905.46043,-87.778708,-2.460018,-0.000001,-764.318455,0.000653,-620.067476,0,1,1
334.9,0.111781,0.04213,12901.21369,-87.778652,-2.488632,0,-780.917083,0,-597.312982,0,1,1
335,0.1109,0.042164,12896.92255,-87.778597,-2.517088,0,-796.751057,0,-574.243991,0,1,1
335.1,0.11002,0.042198,12892.58716,-87.778562,-2.545652,-0.000001,-811.967066,0.001201,-550.670697,0,1,1
335.2,0.109141,0.042232,12888.20768,-87.778593,-2.574025,0,-826.387758,0,-526.857151,0,1,1
335.28441,0.1084,0.042261,12884.47694,-87.778619,-2.597839,0,-837.951471,0,-506.577675,0,1,1
335.4,0.107386,0.0423,12879.31801,-87.778653,-2.630304,0.000001,-852.911157,-0.000728,-478.527756,0,1,1
335.5,0.10651,0.042334,12874.80851,-87.778682,-2.658207,-0.000001,-865.017006,0.000739,-454.066563,0,1,1
335.6,0.105634,0.042368,12870.2564,-87.778711,-2.685955,0,-876.357955,0,-429.439385,0,1,1
335.7,0.10476,0.042402,12865.66202,-87.778738,-2.713549,0,-886.938506,0,-404.670308,0,1,1
335.8,0.103886,0.042436,12861.02574,-87.778765,-2.74099,0,-896.763822,0,-379.782886,0,1,1
335.9,0.103014,0.04247,12856.34789,-87.778791,-2.768278,0,-905.83969,0,-354.80013,0,1,1
336,0.102142,0.042504,12851.62882,-87.778816,-2.795415,0.000001,-914.172494,-0.00078,-329.744498,0,1,1
336.1,0.101272,0.042537,12846.86909,-87.77875,-2.822163,0,-921.69664,0,-304.857253,0,1,1
336.2,0.100402,0.042571,12842.06923,-87.778683,-2.848762,0,-928.504567,0,-279.94198,0,1,1
336.25,0.099967,0.042588,12839.65436,-87.778649,-2.861985,0,-931.636692,0,-267.500664,0,1,1
336.3,0.099533,0.042605,12837.22961,-87.778616,-2.875171,-0.000001,-934.59334,0.001128,-255.059852,0,1,1
336.4,0.098665,0.042638,12832.35057,-87.778548,-2.901476,0,-939.994098,0,-230.148466,0,1,1
336.5,0.097798,0.042672,12827.43241,-87.77848,-2.927635,-0.000001,-944.703594,0.000807,-205.26802,0,1,1
336.6,0.096932,0.042706,12822.47546,-87.778412,-2.953649,0,-948.731013,0,-180.437056,0,1,1
336.7,0.096067,0.042739,12817.48004,-87.778344,-2.979519,0,-952.085926,0,-155.673546,0,1,1
336.75,0.095635,0.042756,12814.96801,-87.77831,-2.992378,0,-953.511391,0,-143.342936,0,1,1
336.8,0.095203,0.042773,12812.4465,-87.778276,-3.005202,0,-954.773029,0,-131.035566,0,1,1
336.9,0.09434,0.042806,12807.37518,-87.778207,-3.030785,0,-956.814153,0,-106.458289,0,1,1
337,0.093478,0.04284,12802.26637,-87.778138,-3.056226,0,-958.213529,0,-81.998962,0,1,1
337.1,0.092616,0.042873,12797.12015,-87.778166,-3.081782,0,-958.996847,0,-57.426754,0,1,1
337.2,0.091756,0.042906,12791.9366,-87.778169,-3.107255,0,-959.149811,0,-32.947956,0,1,1
337.284412,0.09103,0.042935,12787.53219,-87.77817,-3.128635,0,-958.793053,0,-12.424209,0,1,1
337.4,0.090037,0.042973,12781.45859,-87.778172,-3.157779,0,-957.596869,0,15.500955,0,1,1
337.5,0.08918,0.043006,12776.16476,-87.778173,-3.182827,0,-955.91507,0,39.438431,0,1,1
337.6,0.088323,0.04304,12770.83479,-87.778173,-3.207734,0,-953.64617,0,63.167821,0,1,1
337.7,0.087467,0.043073,12765.469,-87.778172,-3.232502,-0.000001,-950.802705,0.000812,86.676235,0,1,1
337.8,0.086612,0.043106,12760.06771,-87.778171,-3.257132,0,-947.397366,0,109.951345,0,1,1
337.9,0.085758,0.043139,12754.63121,-87.778169,-3.281623,0,-943.44298,0,132.981369,0,1,1
338,0.084905,0.043172,12749.15981,-87.778167,-3.305978,0.000001,-938.952494,-0.000802,155.755072,0,1,1
338.1,0.084052,0.043205,12743.65409,-87.778088,-3.32987,0,-933.99688,0,177.957834,0,1,1
338.2,0.083201,0.043238,12738.1146,-87.778009,-3.353628,0,-928.545229,0,199.889163,0,1,1
338.25,0.082775,0.043255,12735.33229,-87.777969,-3.365438,0,-925.641669,0,210.731964,0,1,1
338.3,0.08235,0.043271,12732.54167,-87.777929,-3.377215,0,-922.619279,0,221.503749,0,1,1
338.4,0.081501,0.043304,12726.93561,-87.777849,-3.400709,0,-916.214624,0,242.865651,0,1,1
338.5,0.080652,0.043337,12721.29666,-87.77777,-3.424071,0,-909.352308,0,263.929914,0,1,1
338.6,0.079804,0.04337,12715.62512,-87.77769,-3.447303,0,-902.045177,0,284.688756,0,1,1
338.7,0.078957,0.043403,12709.92126,-87.777609,-3.470404,0,-894.30608,0,305.134854,0,1,1
338.8,0.078111,0.043436,12704.18537,-87.777529,-3.493376,0,-886.147853,0,325.261344,0,1,1
338.9,0.077266,0.043469,12698.41774,-87.777448,-3.516219,-0.000001,-877.583305,0.000749,345.061803,0,1,1
339,0.076422,0.043501,12692.61864,-87.777367,-3.538935,-0.000001,-868.625211,0.001285,364.530246,0,1,1
339.1,0.075578,0.043534,12686.78806,-87.777366,-3.561871,-0.000001,-859.152438,0.000734,383.960857,0,1,1
339.2,0.074736,0.043567,12680.92601,-87.77729,-3.584661,-0.000001,-849.306411,0.001256,403.024849,0,1,1
339.28441,0.074025,0.043594,12675.9536,-87.777226,-3.603787,-0.000001,-840.713784,0.000718,418.831262,0,1,1
339.4,0.073054,0.043632,12669.10869,-87.777138,-3.629859,0,-828.525874,0,440.082421,0,1,1
339.5,0.072214,0.043665,12663.15395,-87.777062,-3.652265,0.000001,-817.618901,-0.000698,458.064068,0,1,1
339.6,0.071375,0.043697,12657.16885,-87.776986,-3.674544,0,-806.384058,0,475.676854,0,1,1
339.7,0.070537,0.04373,12651.15368,-87.776909,-3.696698,0.000001,-794.834051,-0.000679,492.917385,0,1,1
339.8,0.0697,0.043762,12645.10871,-87.776833,-3.718726,0,-782.981475,0,509.782641,0,1,1
339.9,0.068863,0.043795,12639.0342,-87.776756,-3.740629,-0.000001,-770.838797,0.000658,526.269972,0,1,1
340,0.068028,0.043827,12632.93041,-87.776679,-3.762409,-0.000001,-758.418358,0.000916,542.377082,0,1,1
340.1,0.067193,0.04386,12626.7979,-87.776594,-3.783725,0,-745.92253,0,557.84777,0,1,1
340.2,0.06636,0.043892,12620.63719,-87.776509,-3.80492,0,-733.182095,0,572.945312,0,1,1
340.25,0.065943,0.043908,12617.54635,-87.776467,-3.815455,0.000001,-726.734057,-0.00062,580.341054,0,1,1
340.3,0.065527,0.043924,12614.44857,-87.776424,-3.825961,0,-720.229308,0,587.643433,0,1,1
340.4,0.064695,0.043957,12608.23229,-87.776339,-3.846918,0,-707.034012,0,601.992253,0,1,1
340.5,0.063864,0.043989,12601.98859,-87.776254,-3.867757,0,-693.627858,0,615.96535,0,1,1
340.6,0.063034,0.044021,12595.7177,-87.776169,-3.888479,0.000001,-680.021788,-0.001006,629.562431,0,1,1
340.7,0.062204,0.044053,12589.41988,-87.776083,-3.909084,0.000001,-666.226581,-0.000569,642.783476,0,1,1
340.8,0.061376,0.044086,12583.09538,-87.775997,-3.929572,0,-652.252848,0,655.628722,0,1,1
340.9,0.060548,0.044118,12576.74443,-87.775911,-3.949945,0,-638.111028,0,668.098656,0,1,1
341,0.059721,0.04415,12570.36729,-87.775824,-3.970202,0,-623.811384,0,680.194007,0,1,1
341.1,0.058895,0.044182,12563.9639,-87.775749,-3.990712,-0.000001,-609.109811,0.00052,692.13957,0,1,1
341.2,0.05807,0.044214,12557.53421,-87.775662,-4.01111,-0.000001,-594.260976,0.000718,703.702748,0,1,1
341.284412,0.057375,0.044241,12552.08649,-87.775588,-4.028229,0,-581.628457,0,713.15958,0,1,1
341.4,0.056423,0.044278,12544.59689,-87.775487,-4.051561,0,-564.168543,0,725.68157,0,1,1
341.5,0.0556,0.04431,12538.08974,-87.775399,-4.071612,0,-548.947279,0,736.098686,0,1,1
341.6,0.054779,0.044342,12531.55724,-87.775311,-4.091549,0,-533.621431,0,746.137579,0,1,1
341.7,0.053958,0.044374,12524.99965,-87.775223,-4.111372,0,-518.200446,0,755.800466,0,1,1
341.8,0.053138,0.044406,12518.41719,-87.775134,-4.131082,0.000001,-502.693574,-0.000429,765.089751,0,1,1
341.9,0.052319,0.044437,12511.8101,-87.775046,-4.150679,0,-487.109862,0,774.008018,0,1,1
342,0.051501,0.044469,12505.17862,-87.774957,-4.170164,0,-471.458158,0,782.558016,0,1,1
342.1,0.050684,0.044501,12498.52328,-87.774868,-4.189155,0,-456.0498,0,790.56808,0,1,1
342.2,0.049867,0.044533,12491.84461,-87.774779,-4.208039,0,-440.594098,0,798.229108,0,1,1
342.25,0.049459,0.044549,12488.4966,-87.774735,-4.217424,0.000001,-432.863639,-0.00037,801.922961,0,1,1
342.3,0.049051,0.044564,12485.14285,-87.77469,-4.226784,0,-425.124251,0,805.531021,0,1,1
342.4,0.048237,0.044596,12478.41824,-87.774601,-4.245453,0,-409.596922,0,812.503998,0,1,1
342.5,0.047423,0.044628,12471.67097,-87.774511,-4.264017,0,-394.044999,0,819.137597,0,1,1
342.6,0.04661,0.044659,12464.90125,-87.774422,-4.282475,0,-378.475703,0,825.435289,0,1,1
342.7,0.045797,0.044691,12458.1093,-87.774332,-4.300829,0.000001,-362.896067,-0.00031,831.400651,0,1,1
342.75,0.045391,0.044707,12454.70506,-87.774287,-4.309951,0,-355.117376,0,834.254504,0,1,1
342.8,0.044986,0.044722,12451.29535,-87.774241,-4.319047,0,-347.338631,0,837.026944,0,1,1
342.9,0.044175,0.044754,12444.45964,-87.774151,-4.337192,0,-331.758542,0,842.33936,0,1,1
343,0.043365,0.044785,12437.60234,-87.77406,-4.355234,0,-316.188085,0,847.330742,0,1,1
343.1,0.042556,0.044817,12430.72334,-87.773969,-4.373584,0,-300.283903,0,852.12837,0,1,1
343.2,0.041748,0.044848,12423.82252,-87.773908,-4.39184,-0.000001,-284.390535,0.000243,856.602558,0,1,1
343.3,0.040941,0.04488,12416.90009,-87.773847,-4.409992,0.000001,-268.524667,-0.000229,860.75373,0,1,1
343.4,0.040135,0.044911,12409.95626,-87.773786,-4.428039,0.000001,-252.692468,-0.000216,864.586243,0,1,1
343.5,0.039329,0.044942,12402.99124,-87.773725,-4.445982,0.000001,-236.899922,-0.000202,868.104515,0,1,1
343.6,0.038524,0.044974,12396.00525,-87.773663,-4.463822,0,-221.15282,0,871.313031,0,1,1
343.7,0.03772,0.045005,12388.99849,-87.773601,-4.48156,0,-205.456772,0,874.21633,0,1,1
343.8,0.036917,0.045036,12381.97116,-87.773538,-4.499195,0,-189.8172,0,876.819003,0,1,1
343.9,0.036115,0.045067,12374.92349,-87.773475,-4.516728,0,-174.239349,0,879.125685,0,1,1
344,0.035314,0.045098,12367.85566,-87.773412,-4.534161,0.000001,-158.728282,-0.000136,881.141054,0,1,1
344.1,0.034513,0.045129,12360.76823,-87.773316,-4.551057,0,-143.67388,0,882.807204,0,1,1
344.2,0.033713,0.045161,12353.66173,-87.77322,-4.567856,0,-128.694037,0,884.205169,0,1,1
344.295695,0.032948,0.04519,12346.84347,-87.773127,-4.58384,0.000001,-114.434775,-0.000098,885.295751,0,1,1
344.4,0.032116,0.045223,12339.3923,-87.773026,-4.601168,0,-98.974428,0,886.214616,0,1,1
344.5,0.031319,0.045254,12332.22975,-87.77293,-4.617681,0,-84.242776,0,886.83514,0,1,1
344.6,0.030522,0.045285,12325.0489,-87.772832,-4.634099,0,-69.601516,0,887.205605,0,1,1
344.7,0.029726,0.045316,12317.84994,-87.772735,-4.650424,0,-55.054229,0,887.330568,0,1,1
344.75,0.029329,0.045331,12314.24372,-87.772686,-4.658537,0.000001,-47.829086,-0.000058,887.30186,0,1,1
344.8,0.028931,0.045347,12310.63306,-87.772638,-4.666627,0,-40.628608,0,887.21369,0,1,1
344.9,0.028137,0.045377,12303.39848,-87.77254,-4.682766,0,-26.279144,0,886.861733,0,1,1
345,0.027344,0.045408,12296.14633,-87.772442,-4.698812,-0.000001,-12.033532,0.00001,886.277945,0,1,1
345.1,0.026552,0.045439,12288.87646,-87.772382,-4.715234,0,2.519042,0,885.46585,0,1,1
345.2,0.02576,0.04547,12281.58867,-87.772276,-4.731576,0,16.971445,0,884.417524,0,1,1
345.3,0.024969,0.045501,12274.28313,-87.772169,-4.747823,0,31.306621,0,883.137637,0,1,1
345.4,0.024179,0.045531,12266.96004,-87.772063,-4.763977,0,45.521668,0,881.631043,0,1,1
345.5,0.02339,0.045562,12259.61958,-87.771956,-4.780036,-0.000001,59.61383,-0.000072,879.902578,0,1,1
345.6,0.022602,0.045593,12252.26194,-87.77185,-4.796002,0,73.580484,0,877.95706,0,1,1
345.7,0.021814,0.045623,12244.88729,-87.771743,-4.811876,0,87.419146,0,875.79929,0,1,1
345.8,0.021027,0.045654,12237.49582,-87.771636,-4.827657,0,101.127462,0,873.434043,0,1,1
345.9,0.020241,0.045685,12230.08772,-87.771529,-4.843347,0,114.70321,0,870.866068,0,1,1
346,0.019456,0.045715,12222.66315,-87.771421,-4.858945,0,128.144292,0,868.10009,0,1,1
346.1,0.018672,0.045746,12215.22268,-87.771321,-4.873953,0,141.016363,0,865.211322,0,1,1
346.2,0.017888,0.045776,12207.76687,-87.771221,-4.888875,0,153.756568,0,862.146213,0,1,1
346.3,0.017106,0.045807,12200.29587,-87.77112,-4.903711,0.000001,166.363385,0.000246,858.909031,0,1,1
346.4,0.016324,0.045837,12192.80987,-87.77102,-4.918462,0,178.835394,0,855.504008,0,1,1
346.5,0.015543,0.045867,12185.30901,-87.770919,-4.933129,0,191.171276,0,851.935343,0,1,1
346.6,0.014762,0.045898,12177.79348,-87.770818,-4.947711,0.000001,203.369797,0.000174,848.207148,0,1,1
346.7,0.013983,0.045928,12170.26342,-87.770716,-4.96221,0,215.429827,0,844.323541,0,1,1
346.75,0.013593,0.045943,12166.493,-87.770665,-4.969415,0,221.397307,0,842.32753,0,1,1
346.8,0.013204,0.045959,12162.71902,-87.770614,-4.9766,0,227.329923,0,840.294315,0,1,1
346.9,0.012426,0.045989,12155.16045,-87.770513,-4.990933,-0.000001,239.110294,-0.000289,836.112303,0,1,1
347,0.011649,0.046019,12147.58785,-87.77041,-5.005183,0,250.749332,0,831.786993,0,1,1
347.1,0.010872,0.046049,12140.00097,-87.770305,-5.019886,0,262.688334,0,827.182146,0,1,1
347.2,0.010097,0.04608,12132.39957,-87.770196,-5.034493,0,274.467393,0,822.433562,0,1,1
347.3,0.009322,0.04611,12124.78384,-87.770088,-5.049014,0,286.0944,0,817.542884,0,1,1
347.4,0.008548,0.04614,12117.15392,-87.769979,-5.063451,-0.000001,297.568698,-0.000254,812.514306,0,1,1
347.5,0.007775,0.04617,12109.51,-87.769869,-5.077803,0,308.889719,0,807.351975,0,1,1
347.6,0.007002,0.0462,12101.85222,-87.76976,-5.092071,0,320.056977,0,802.059985,0,1,1
347.7,0.006231,0.04623,12094.18076,-87.769651,-5.106255,0,331.070073,0,796.64238,0,1,1
347.78441,0.00558,0.046255,12087.69474,-87.769558,-5.118158,0,340.24095,0,791.976781,0,1,1
347.9,0.00469,0.04629,12078.79739,-87.769431,-5.134379,-0.000001,352.634441,-0.000301,785.445368,0,1,1
348,0.003921,0.04632,12071.0858,-87.769321,-5.148316,0,363.183384,0,779.674632,0,1,1
348.1,0.003152,0.04635,12063.36155,-87.769217,-5.161628,0,373.157035,0,773.996622,0,1,1
348.2,0.002384,0.04638,12055.62521,-87.769113,-5.174864,0,382.985604,0,768.221529,0,1,1
348.3,0.001617,0.04641,12047.87691,-87.769008,-5.188024,-0.000001,392.669192,-0.000335,762.352698,0,1,1
348.4,0.000851,0.04644,12040.1168,-87.768903,-5.201108,0,402.20796,0,756.393425,0,1,1
348.5,0.000086,0.046469,12032.34503,-87.768798,-5.214118,0,411.602118,0,750.346956,0,1,1
348.6,-0.000679,0.046499,12024.56173,-87.768693,-5.227052,-0.000001,420.851933,-0.000508,744.216487,0,1,1
348.7,-0.001442,0.046529,12016.76705,-87.768587,-5.239912,-0.000001,429.957718,-0.000367,738.005161,0,1,1
348.75,-0.001824,0.046544,12012.86549,-87.768534,-5.246303,-0.000001,434.448784,-0.000371,734.874937,0,1,1
348.8,-0.002205,0.046559,12008.96114,-87.768481,-5.252677,0,438.904123,0,731.725708,0,1,1
348.9,-0.002968,0.046588,12001.14415,-87.768375,-5.265389,0.000001,447.723321,0.000382,725.361971,0,1,1
349,-0.003729,0.046618,11993.31619,-87.768268,-5.278029,0,456.399717,0,718.9265,0,1,1
349.1,-0.00449,0.046648,11985.47697,-87.768158,-5.29118,0.000001,465.34961,0.000397,712.150794,0,1,1
349.2,-0.00525,0.046677,11977.6262,-87.768031,-5.304244,0.000001,474.138947,0.000405,705.30653,0,1,1
349.3,-0.006009,0.046707,11969.76405,-87.767904,-5.31723,-0.000001,482.775881,-0.000714,698.392112,0,1,1
349.4,-0.006767,0.046736,11961.89064,-87.767777,-5.33014,0,491.261044,0,691.410693,0,1,1
349.5,-0.007525,0.046766,11954.00613,-87.76765,-5.342975,0.000001,499.59511,0.000603,684.36537,0,1,1
349.6,-0.008282,0.046796,11946.11065,-87.767523,-5.355734,-0.000001,507.778794,-0.000751,677.259182,0,1,1
349.7,-0.009038,0.046825,11938.20435,-87.767396,-5.368417,0.000001,515.812856,0.00044,670.095114,0,1,1
349.784411,-0.009675,0.04685,11931.52225,-87.767288,-5.37906,0,522.474832,0,664.008005,0,1,1
349.9,-0.010548,0.046884,11922.35983,-87.767141,-5.393564,0,531.436745,0,655.603825,0,1,1
350,-0.011301,0.046913,11914.42188,-87.767013,-5.406025,0,539.026839,0,648.283452,0,1,1
350.1,-0.012054,0.046943,11906.47409,-87.766906,-5.417818,0,546.089203,0,641.241579,0,1,1
350.2,-0.012807,0.046972,11898.51702,-87.766798,-5.429544,0,553.018273,0,634.161427,0,1,1
350.3,-0.013558,0.047001,11890.55081,-87.76669,-5.441202,0,559.814958,0,627.045302,0,1,1
350.4,-0.014309,0.047031,11882.57556,-87.766582,-5.452794,0,566.480188,0,619.895462,0,1,1
350.5,-0.015059,0.04706,11874.59142,-87.766474,-5.464319,0,573.014895,0,612.714096,0,1,1
350.6,-0.015808,0.047089,11866.59849,-87.766365,-5.475778,0,579.420037,0,605.503353,0,1,1
350.7,-0.016556,0.047118,11858.59691,-87.766256,-5.487172,-0.000001,585.696608,-0.0005,598.265355,0,1,1
350.75,-0.01693,0.047133,11854.59291,-87.766201,-5.492834,0,588.781353,0,594.642485,0,1,1
350.8,-0.017304,0.047147,11850.5868,-87.766147,-5.498481,0,591.834459,0,591.01358,0,1,1
350.9,-0.018051,0.047176,11842.56828,-87.766037,-5.509745,0,597.857226,0,583.727218,0,1,1
351,-0.018797,0.047206,11834.54146,-87.765927,-5.520945,0,603.754507,0,576.419688,0,1,1
351.1,-0.019542,0.047235,11826.506,-87.765798,-5.532722,-0.000001,609.892491,-0.000521,568.70173,0,1,1
351.2,-0.020287,0.047264,11818.46151,-87.765739,-5.544464,0,615.913569,0,560.941285,0,1,1
351.25,-0.020659,0.047278,11814.43592,-87.76571,-5.550299,-0.000001,618.867534,-0.000528,557.060027,0,1,1
351.3,-0.021031,0.047293,11810.40813,-87.76568,-5.556117,0,621.787843,0,553.174223,0,1,1
351.4,-0.021774,0.047322,11802.34597,-87.765621,-5.567722,0.000001,627.538915,0.000536,545.377349,0,1,1
351.5,-0.022516,0.047351,11794.27514,-87.765561,-5.579258,-0.000001,633.156684,-0.000541,537.565464,0,1,1
351.6,-0.023258,0.04738,11786.19578,-87.7655,-5.590726,0,638.642409,0,529.740619,0,1,1
351.7,-0.023999,0.047409,11778.108,-87.765439,-5.602126,0,643.997361,0,521.90482,0,1,1
351.78441,-0.024624,0.047433,11771.27465,-87.765386,-5.611692,0,648.414006,0,515.286931,0,1,1
351.9,-0.025478,0.047466,11761.90768,-87.765314,-5.624727,0.000001,654.32108,0.000559,506.20685,0,1,1
352,-0.026217,0.047495,11753.79537,-87.765251,-5.635927,-0.000001,659.291449,-0.000796,498.349741,0,1,1
352.1,-0.026955,0.047524,11745.67563,-87.765132,-5.646357,0,663.790614,0,490.956734,0,1,1
352.2,-0.027692,0.047553,11737.54909,-87.765012,-5.656727,0,668.179409,0,483.564158,0,1,1
352.3,-0.028428,0.047581,11729.41583,-87.764892,-5.667039,0,672.459007,0,476.173421,0,1,1
352.4,-0.029164,0.04761,11721.27598,-87.764772,-5.677292,0.000001,676.630587,0.000578,468.785897,0,1,1
352.5,-0.029899,0.047639,11713.12964,-87.764651,-5.687487,0.000001,680.695327,0.000581,461.402922,0,1,1
352.6,-0.030633,0.047667,11704.9769,-87.76453,-5.697624,-0.000001,684.654413,-0.000585,454.025796,0,1,1
352.7,-0.031366,0.047696,11696.81788,-87.764409,-5.707704,0,688.509028,0,446.655785,0,1,1
352.75,-0.031732,0.04771,11692.73604,-87.764349,-5.712714,0,690.393875,0,442.979681,0,1,1
352.8,-0.032099,0.047725,11688.65267,-87.764288,-5.71771,0.000001,692.253148,0.000591,439.305788,0,1,1
352.9,-0.032831,0.047753,11680.4814,-87.764166,-5.727677,0,695.902608,0,431.95357,0,1,1
353,-0.033562,0.047782,11672.30415,-87.764044,-5.737587,0,699.451158,0,424.612058,0,1,1
353.1,-0.034292,0.04781,11664.12048,-87.763984,-5.7482,0,703.216121,0,416.749592,0,1,1
353.2,-0.035022,0.047839,11655.92998,-87.763893,-5.758713,0,706.853018,0,408.92594,0,1,1
353.25,-0.035386,0.047853,11651.83221,-87.763847,-5.763936,0.000001,708.626199,0.001048,405.025797,0,1,1
353.3,-0.035751,0.047867,11647.73279,-87.763801,-5.769145,0,710.371943,0,401.129312,0,1,1
353.4,-0.036479,0.047896,11639.52904,-87.763708,-5.779534,0.000001,713.788736,0.000609,393.33506,0,1,1
353.5,-0.037206,0.047924,11631.31881,-87.763615,-5.789862,0,717.097431,0,385.557477,0,1,1
353.6,-0.037933,0.047953,11623.10222,-87.763522,-5.80013,0,720.29941,0,377.797787,0,1,1
353.7,-0.038659,0.047981,11614.87936,-87.763428,-5.810336,0,723.396056,0,370.057177,0,1,1
353.8,-0.039384,0.048009,11606.65035,-87.763334,-5.820483,-0.000001,726.388748,-0.000877,362.336796,0,1,1
353.9,-0.040109,0.048037,11598.41529,-87.763239,-5.830569,0,729.278864,0,354.637759,0,1,1
354,-0.040833,0.048066,11590.17429,-87.763144,-5.840597,0,732.067777,0,346.961143,0,1,1
354.1,-0.041556,0.048094,11581.92798,-87.763013,-5.849813,0,734.501286,0,339.860646,0,1,1
354.2,-0.042278,0.048122,11573.67698,-87.762883,-5.858977,-0.000001,736.849818,-0.000629,332.782918,0,1,1
354.295695,-0.042968,0.048149,11565.77685,-87.762758,-5.867699,-0.000001,739.018292,-0.000892,326.032774,0,1,1
354.4,-0.04372,0.048179,11557.16127,-87.762621,-5.877154,0,741.296377,0,318.698553,0,1,1
354.5,-0.04444,0.048207,11548.89675,-87.762489,-5.886167,0.000001,743.396617,0.000635,311.693417,0,1,1
354.6,-0.04516,0.048235,11540.62789,-87.762358,-5.89513,-0.000001,745.416334,-0.000636,304.713847,0,1,1
354.7,-0.045878,0.048263,11532.35479,-87.762226,-5.904043,0,747.356639,0,297.760485,0,1,1
354.8,-0.046596,0.048291,11524.07753,-87.762093,-5.912907,0,749.218634,0,290.833953,0,1,1
354.9,-0.047314,0.048319,11515.7962,-87.761961,-5.921722,0,751.003417,0,283.934848,0,1,1
355,-0.04803,0.048347,11507.51088,-87.761828,-5.930489,0,752.712076,0,277.063745,0,1,1
355.1,-0.048746,0.048375,11499.2211,-87.761735,-5.940021,0,754.565491,0,269.607138,0,1,1
355.2,-0.049461,0.048403,11490.92632,-87.761583,-5.949567,0,756.34971,0,262.129759,0,1,1
355.25,-0.049818,0.048417,11486.77707,-87.761507,-5.954311,0,757.206848,0,258.409827,0,1,1
355.3,-0.050175,0.048431,11482.6266,-87.761431,-5.959041,0,758.042351,0,254.69829,0,1,1
355.4,-0.050889,0.048459,11474.32204,-87.761279,-5.968476,0,759.653007,0,247.288313,0,1,1
355.5,-0.051602,0.048487,11466.01273,-87.761126,-5.977855,0,761.178783,0,239.913145,0,1,1
355.6,-0.052314,0.048514,11457.69877,-87.760974,-5.987179,0,762.620998,0,232.573435,0,1,1
355.7,-0.053025,0.048542,11449.38023,-87.760822,-5.996448,0.000001,763.980959,0.000652,225.269807,0,1,1
355.8,-0.053736,0.04857,11441.05723,-87.760669,-6.005662,0,765.259967,0,218.002857,0,1,1
355.9,-0.054446,0.048598,11432.72985,-87.760516,-6.014823,0,766.45931,0,210.773154,0,1,1
356,-0.055155,0.048626,11424.39818,-87.760363,-6.02393,0,767.580267,0,203.581242,0,1,1
356.1,-0.055864,0.048653,11416.06295,-87.760228,-6.032056,0,768.441573,0,197.14004,0,1,1
356.2,-0.056571,0.048681,11407.72489,-87.760093,-6.040139,0,769.241313,0,190.732102,0,1,1
356.284411,-0.057168,0.048704,11400.68451,-87.759979,-6.046924,0,769.868572,0,185.351844,0,1,1
356.4,-0.057985,0.048736,11391.04057,-87.759822,-6.056175,0,770.660104,0,178.016177,0,1,1
356.5,-0.058691,0.048764,11382.69445,-87.759686,-6.064128,0,771.280802,0,171.709735,0,1,1
356.6,-0.059395,0.048791,11374.34579,-87.759549,-6.072039,0.000001,771.843681,0.000659,165.437631,0,1,1
356.7,-0.0601,0.048819,11365.99466,-87.759412,-6.079908,0,772.349654,0,159.200096,0,1,1
356.8,-0.060803,0.048846,11357.64113,-87.759275,-6.087735,0,772.799625,0,152.997346,0,1,1
356.9,-0.061506,0.048874,11349.28528,-87.759137,-6.09552,0.000001,773.19449,0.000934,146.829583,0,1,1
357,-0.062208,0.048901,11340.92717,-87.758999,-6.103264,0,773.535131,0,140.696997,0,1,1
357.1,-0.06291,0.048929,11332.56619,-87.758844,-6.111968,0,773.956907,0,133.825082,0,1,1
357.2,-0.06361,0.048956,11324.20179,-87.758708,-6.120535,0,774.301073,0,127.062584,0,1,1
357.25,-0.06396,0.04897,11320.01836,-87.75864,-6.124793,0,774.448148,0,123.703059,0,1,1
357.3,-0.06431,0.048984,11315.83413,-87.758572,-6.129038,-0.000001,774.579355,-0.001145,120.354201,0,1,1
357.4,-0.065009,0.049011,11307.46329,-87.758435,-6.137506,0,774.796233,0,113.677338,0,1,1
357.5,-0.065708,0.049038,11299.08933,-87.758298,-6.145924,0,774.951101,0,107.043755,0,1,1
357.6,-0.066406,0.049066,11290.71236,-87.758161,-6.154294,0,775.045076,0,100.453681,0,1,1
357.7,-0.067103,0.049093,11282.33243,-87.758024,-6.162615,0,775.079263,0,93.907324,0,1,1
357.8,-0.067799,0.04912,11273.94964,-87.757886,-6.170887,0,775.054753,0,87.404878,0,1,1
357.9,-0.068495,0.049148,11265.56407,-87.757747,-6.179112,0.000001,774.972609,0.000936,80.946516,0,1,1
358,-0.06919,0.049175,11257.17579,-87.757609,-6.187289,0,774.833878,0,74.532395,0,1,1
358.1,-0.069885,0.049202,11248.78553,-87.757466,-6.194457,0.000001,774.573576,0.000661,68.907626,0,1,1
358.2,-0.070578,0.049229,11240.39401,-87.757323,-6.201588,-0.000001,774.270882,-0.000661,63.318733,0,1,1
358.284411,-0.071163,0.049252,11233.30971,-87.757202,-6.207577,-0.000001,773.982784,-0.000661,58.631267,0,1,1
358.4,-0.071963,0.049283,11223.60743,-87.757035,-6.215744,-0.000001,773.541246,-0.00066,52.247807,0,1,1
358.5,-0.072655,0.04931,11215.2125,-87.756891,-6.222768,0,773.115675,0,46.766646,0,1,1
358.6,-0.073346,0.049338,11206.81654,-87.756746,-6.229756,0,772.650555,0,41.321393,0,1,1
358.7,-0.074036,0.049365,11198.41962,-87.756601,-6.236709,0,772.14657,0,35.912036,0,1,1
358.8,-0.074725,0.049392,11190.0218,-87.756455,-6.243628,0,771.6044,0,30.538554,0,1,1
358.9,-0.075414,0.049419,11181.62314,-87.756309,-6.250512,0,771.024713,0,25.200918,0,1,1
359,-0.076102,0.049445,11173.22368,-87.756163,-6.257362,0.000001,770.40817,0.00093,19.899095,0,1,1
359.1,-0.076789,0.049472,11164.8228,-87.756017,-6.26522,0,769.770387,0,13.830923,0,1,1
359.2,-0.077476,0.049499,11156.41984,-87.755887,-6.273054,0,769.085402,0,7.792077,0,1,1
359.25,-0.077819,0.049513,11152.2176,-87.755822,-6.276948,0.000001,768.725388,0.000656,4.795153,0,1,1
359.3,-0.078162,0.049526,11148.01486,-87.755757,-6.28083,0,768.353862,0,1.809747,0,1,1
359.4,-0.078847,0.049553,11139.60796,-87.755626,-6.288574,0.000001,767.576544,0.000927,-4.136622,0,1,1
359.5,-0.079532,0.04958,11131.19918,-87.755495,-6.296274,0.000001,766.754429,0.000655,-10.03668,0,1,1
359.6,-0.080215,0.049607,11122.78861,-87.755363,-6.30393,0,765.888439,0,-15.890455,0,1,1
359.7,-0.080899,0.049633,11114.3763,-87.755231,-6.311542,0,764.979486,0,-21.697987,0,1,1
359.8,-0.081581,0.04966,11105.96234,-87.755098,-6.31911,0.000001,764.028467,0.000652,-27.459325,0,1,1
359.9,-0.082263,0.049687,11097.54679,-87.754965,-6.326635,0,763.036266,0,-33.174527,0,1,1
360,-0.082944,0.049714,11089.12972,-87.754831,-6.334117,0,762.003755,0,-38.843666,0,1,1
360.1,-0.083624,0.04974,11080.71194,-87.754677,-6.340434,0,760.981075,0,-43.612709,0,1,1
360.2,-0.084304,0.049767,11072.29426,-87.754522,-6.346721,-0.000001,759.930713,-0.000649,-48.348106,0,1,1
360.284412,-0.084877,0.049789,11065.18884,-87.754391,-6.352004,0,759.023071,0,-52.317456,0,1,1
360.4,-0.085661,0.04982,11055.45936,-87.754211,-6.35921,0,757.748883,0,-57.719125,0,1,1
360.5,-0.086339,0.049847,11047.04224,-87.754054,-6.365411,0,756.618466,0,-62.354315,0,1,1
360.6,-0.087016,0.049873,11038.6254,-87.753897,-6.371584,0,755.462339,0,-66.956369,0,1,1
360.7,-0.087692,0.0499,11030.20889,-87.75374,-6.377729,0.000001,754.280976,0.000911,-71.525424,0,1,1
360.795013,-0.088334,0.049925,11022.21248,-87.75359,-6.38354,0,753.135652,0,-75.835548,0,1,1
360.9,-0.089043,0.049953,11013.37702,-87.753424,-6.389935,0,751.844387,0,-80.565174,0,1,1
361,-0.089717,0.049979,11004.96175,-87.753265,-6.395997,-0.000001,750.590081,-0.00111,-85.036089,0,1,1
361.1,-0.09039,0.050006,10996.54618,-87.753144,-6.403251,0,749.202827,0,-90.388492,0,1,1
361.2,-0.091063,0.050032,10988.12949,-87.752985,-6.410594,0,747.769763,0,-95.791259,0,1,1
361.25,-0.0914,0.050045,10983.92072,-87.752905,-6.414243,0,747.041153,0,-98.470173,0,1,1
361.3,-0.091736,0.050058,10979.71166,-87.752824,-6.417882,0,746.304191,0,-101.137293,0,1,1
361.4,-0.092407,0.050085,10971.29277,-87.752664,-6.425141,0,744.804145,0,-106.445364,0,1,1
361.5,-0.093078,0.050111,10962.87285,-87.752503,-6.432359,0,743.271797,0,-111.706262,0,1,1
361.6,-0.093748,0.050137,10954.45199,-87.752342,-6.439535,-0.000001,741.708047,-0.000633,-116.920188,0,1,1
361.7,-0.094417,0.050164,10946.03024,-87.75218,-6.446671,0.000001,740.113653,0.000632,-122.087334,0,1,1
361.75,-0.094752,0.050177,10941.81905,-87.752099,-6.450217,0,739.306042,0,-124.649007,0,1,1
361.8,-0.095086,0.05019,10937.60767,-87.752018,-6.453754,0,738.491069,0,-127.199124,0,1,1
361.9,-0.095754,0.050216,10929.18434,-87.751855,-6.460809,0,736.837647,0,-132.273482,0,1,1
362,-0.096422,0.050242,10920.7603,-87.751692,-6.467824,0,735.155778,0,-137.301665,0,1,1
362.1,-0.097088,0.050269,10912.33656,-87.751526,-6.473365,0,733.64926,0,-141.231989,0,1,1
362.2,-0.097755,0.050295,10903.91407,-87.75136,-6.478884,0,732.125834,0,-145.133859,0,1,1
362.28441,-0.098316,0.050317,10896.80566,-87.751219,-6.483524,0,730.827307,0,-148.404076,0,1,1
362.4,-0.099085,0.050347,10887.07301,-87.751026,-6.489859,0,729.02938,0,-152.853439,0,1,1
362.5,-0.099749,0.050373,10878.6545,-87.750858,-6.495313,0.000001,727.45708,0.000878,-156.670991,0,1,1
362.6,-0.100412,0.050399,10870.23738,-87.75069,-6.500747,0.000001,725.869086,0.001073,-160.460796,0,1,1
362.7,-0.101075,0.050425,10861.82168,-87.750521,-6.506159,0,724.265685,0,-164.223033,0,1,1
362.8,-0.101737,0.050451,10853.40744,-87.750351,-6.511551,0,722.647162,0,-167.957882,0,1,1
362.9,-0.102398,0.050477,10844.99468,-87.750181,-6.516923,0,721.013793,0,-171.665527,0,1,1
363,-0.103059,0.050503,10836.58343,-87.750011,-6.522274,0,719.365851,0,-175.346148,0,1,1
363.066667,-0.103499,0.05052,10830.97638,-87.749886,-6.526797,0,718.087343,0,-178.478967,0,1,1
363.133333,-0.103939,0.050538,10825.36921,-87.749762,-6.531261,0,716.806207,0,-181.562033,0,1,1
363.2,-0.104378,0.050555,10819.76196,-87.749638,-6.535709,0,715.515311,0,-184.625447,0,1,1
363.266667,-0.104818,0.050572,10814.15465,-87.749514,-6.540141,0,714.214554,0,-187.670348,0,1,1
363.333333,-0.105257,0.050589,10808.5473,-87.749389,-6.544559,0,712.9041,0,-190.696804,0,1,1
363.4,-0.105695,0.050607,10802.93991,-87.749263,-6.54896,0,711.584401,0,-193.703819,0,1,1
363.466667,-0.106134,0.050624,10797.33251,-87.749137,-6.553347,0,710.255334,0,-196.692541,0,1,1
363.533333,-0.106572,0.050641,10791.7251,-87.749011,-6.557719,0,708.917055,0,-199.66304,0,1,1
363.6,-0.107009,0.050658,10786.11771,-87.748885,-6.562075,0,707.570029,0,-202.614314,0,1,1
363.666667,-0.107447,0.050676,10780.51035,-87.748757,-6.566416,0,706.214109,0,-205.547521,0,1,1
363.733333,-0.107884,0.050693,10774.90303,-87.74863,-6.570743,-0.000001,704.849446,-0.000851,-208.462732,0,1,1
363.784416,-0.108219,0.050706,10770.60652,-87.748532,-6.574046,0,703.798572,0,-210.682431,0,1,1
363.866667,-0.108757,0.050727,10763.68858,-87.748373,-6.579352,0,702.094827,0,-214.23829,0,1,1
363.933333,-0.109194,0.050744,10758.08147,-87.748244,-6.583635,0,700.705166,0,-217.098881,0,1,1
364,-0.10963,0.050761,10752.47446,-87.748115,-6.587902,0,699.3077,0,-219.940695,0,1,1
364.066667,-0.110065,0.050779,10746.86757,-87.747986,-6.592155,0.000001,697.902234,0.000596,-222.764906,0,1,1
364.133333,-0.110501,0.050796,10741.26081,-87.747855,-6.596394,0,696.488909,0,-225.57159,0,1,1
364.2,-0.110936,0.050813,10735.65419,-87.747725,-6.600618,0,695.068225,0,-228.359726,0,1,1
364.266667,-0.111371,0.05083,10730.04772,-87.747594,-6.604828,0,693.639963,0,-231.130498,0,1,1
364.333333,-0.111805,0.050847,10724.44143,-87.747462,-6.609025,0.000001,692.204259,0.000836,-233.883983,0,1,1
364.4,-0.112239,0.050864,10718.83532,-87.74733,-6.613206,0,690.761624,0,-236.619152,0,1,1
364.466667,-0.112673,0.050881,10713.22941,-87.747198,-6.617374,0,689.311816,0,-239.337201,0,1,1
364.533333,-0.113107,0.050898,10707.62371,-87.747065,-6.621529,0,687.854966,0,-242.038205,0,1,1
364.6,-0.11354,0.050915,10702.01823,-87.746931,-6.625668,0,686.391598,0,-244.721129,0,1,1
364.666667,-0.113973,0.050932,10696.41299,-87.746798,-6.629794,0,684.921446,0,-247.387178,0,1,1
364.733333,-0.114406,0.050949,10690.808,-87.746663,-6.633908,-0.000001,683.444635,-0.000584,-250.036428,0,1,1
364.784411,-0.114737,0.050962,10686.51384,-87.74656,-6.637048,0,682.309435,0,-252.053046,0,1,1
364.866667,-0.115271,0.050983,10679.59882,-87.746393,-6.642093,0,680.471997,0,-255.283536,0,1,1
364.933333,-0.115703,0.051,10673.99466,-87.746257,-6.646166,0,678.976365,0,-257.881752,0,1,1
365,-0.116134,0.051017,10668.39081,-87.746121,-6.650224,-0.000001,677.474994,-0.000578,-260.462368,0,1,1
365.066667,-0.116566,0.051034,10662.78726,-87.745984,-6.65427,-0.000001,675.967571,-0.000816,-263.026605,0,1,1
365.133333,-0.116997,0.051051,10657.18405,-87.745847,-6.658303,-0.000001,674.454199,-0.000997,-265.574538,0,1,1
365.2,-0.117427,0.051068,10651.58117,-87.745709,-6.662321,0,672.935444,0,-268.10511,0,1,1
365.266667,-0.117858,0.051085,10645.97865,-87.745571,-6.666328,0,671.410968,0,-270.61955,0,1,1
365.333333,-0.118288,0.051102,10640.3765,-87.745432,-6.670322,0,669.880882,0,-273.117937,0,1,1
365.4,-0.118718,0.051119,10634.77472,-87.745293,-6.674301,0,668.345764,0,-275.599207,0,1,1
365.466667,-0.119148,0.051136,10629.17333,-87.745153,-6.678269,0,666.805253,0,-278.064599,0,1,1
365.533333,-0.119577,0.051153,10623.57234,-87.745013,-6.682225,0,665.259455,0,-280.514191,0,1,1
365.6,-0.120006,0.05117,10617.97177,-87.744872,-6.686166,0.000001,663.708963,0.000801,-282.946911,0,1,1
365.666667,-0.120435,0.051187,10612.37162,-87.744731,-6.690096,0,662.153393,0,-285.364006,0,1,1
365.733333,-0.120863,0.051203,10606.77191,-87.744589,-6.694014,0,660.592843,0,-287.765555,0,1,1
365.784412,-0.121191,0.051216,10602.48184,-87.74448,-6.697005,0,659.394673,0,-289.593363,0,1,1
365.866667,-0.121719,0.051237,10595.57386,-87.744304,-6.701813,-0.000001,657.457824,-0.000561,-292.520889,0,1,1
365.933333,-0.122147,0.051254,10589.97553,-87.744161,-6.705694,0,655.883445,0,-294.875137,0,1,1
366,-0.122574,0.051271,10584.37769,-87.744017,-6.709562,0,654.305007,0,-297.213004,0,1,1
366.066667,-0.123001,0.051288,10578.78034,-87.743873,-6.713418,0,652.722075,0,-299.535755,0,1,1
366.133333,-0.123428,0.051304,10573.1835,-87.743727,-6.717263,0,651.134742,0,-301.84347,0,1,1
366.2,-0.123854,0.051321,10567.58718,-87.743582,-6.721094,0,649.543648,0,-304.135051,0,1,1
366.266667,-0.12428,0.051338,10561.99139,-87.743436,-6.724915,0,647.948333,0,-306.411771,0,1,1
366.333333,-0.124706,0.051355,10556.39614,-87.743289,-6.728725,0,646.348885,0,-308.673709,0,1,1
366.4,-0.125132,0.051372,10550.80144,-87.743142,-6.732521,0,644.745961,0,-310.919758,0,1,1
366.466667,-0.125557,0.051388,10545.2073,-87.742994,-6.736307,0,643.139076,0,-313.151202,0,1,1
366.533333,-0.125982,0.051405,10539.61373,-87.742846,-6.740081,0,641.528314,0,-315.368117,0,1,1
366.6,-0.126407,0.051422,10534.02075,-87.742697,-6.743843,0,639.914349,0,-317.569389,0,1,1
366.666667,-0.126831,0.051439,10528.42837,-87.742548,-6.747595,0,638.29667,0,-319.756309,0,1,1
366.733333,-0.127255,0.051455,10522.83658,-87.742398,-6.751335,0,636.675393,0,-321.928883,0,1,1
366.784412,-0.12758,0.051468,10518.5527,-87.742283,-6.754191,0.000001,635.431675,0.000543,-323.582191,0,1,1
366.866667,-0.128103,0.051489,10511.65488,-87.742096,-6.758782,0.000001,633.422996,0.000765,-326.23003,0,1,1
366.933333,-0.128526,0.051505,10506.06497,-87.741944,-6.76249,0,631.791862,0,-328.359144,0,1,1
367,-0.128949,0.051522,10500.47571,-87.741792,-6.766185,0,630.158035,0,-330.473103,0,1,1
367.066667,-0.129372,0.051539,10494.8871,-87.741639,-6.769869,0.000001,628.520952,0.000537,-332.573215,0,1,1
367.133333,-0.129795,0.051555,10489.29917,-87.741486,-6.773544,0,626.880686,0,-334.659558,0,1,1
367.2,-0.130217,0.051572,10483.7119,-87.741333,-6.777207,0,625.237965,0,-336.730986,0,1,1
367.266667,-0.130639,0.051589,10478.12533,-87.741179,-6.780859,0,623.5922,0,-338.788819,0,1,1
367.333333,-0.13106,0.051605,10472.53945,-87.741025,-6.784502,0.000001,621.94346,0.000531,-340.833134,0,1,1
367.4,-0.131482,0.051622,10466.95427,-87.740871,-6.788133,0,620.292491,0,-342.862774,0,1,1
367.466667,-0.131903,0.051639,10461.36981,-87.740716,-6.791754,0,618.63868,0,-344.879069,0,1,1
367.533333,-0.132323,0.051655,10455.78607,-87.74056,-6.795365,0,616.982089,0,-346.882095,0,1,1
367.6,-0.132744,0.051672,10450.20307,-87.740404,-6.798965,0,615.323487,0,-348.870686,0,1,1
367.666667,-0.133164,0.051688,10444.62081,-87.740248,-6.802555,-0.000001,613.662231,-0.000524,-350.846178,0,1,1
367.733333,-0.133584,0.051705,10439.0393,-87.74009,-6.806136,0,611.998383,0,-352.80865,0,1,1
367.78441,-0.133906,0.051718,10434.76355,-87.73997,-6.80887,0,610.722872,0,-354.301833,0,1,1
367.866667,-0.134423,0.051738,10427.87858,-87.739774,-6.813267,0,608.664137,0,-356.693099,0,1,1
367.933333,-0.134842,0.051755,10422.29938,-87.739615,-6.816817,0,606.993595,0,-358.615731,0,1,1
368,-0.135261,0.051771,10416.72098,-87.739455,-6.820357,0,605.321445,0,-360.524399,0,1,1
368.066667,-0.13568,0.051788,10411.14336,-87.739294,-6.823888,-0.000001,603.646988,-0.000515,-362.420461,0,1,1
368.133333,-0.136098,0.051804,10405.56656,-87.739133,-6.827409,-0.000001,601.970279,-0.000727,-364.303992,0,1,1
368.2,-0.136516,0.051821,10399.99057,-87.738972,-6.83092,-0.000001,600.292148,-0.000725,-366.173791,0,1,1
368.266667,-0.136934,0.051837,10394.4154,-87.73881,-6.834422,-0.000001,598.611869,-0.000511,-368.031227,0,1,1
368.333333,-0.137351,0.051854,10388.84106,-87.738647,-6.837915,0.000001,596.929493,0.00051,-369.876373,0,1,1
368.4,-0.137768,0.05187,10383.26757,-87.738484,-6.841397,0,595.245872,0,-371.708018,0,1,1
368.466667,-0.138185,0.051887,10377.69492,-87.738321,-6.844871,0,593.560252,0,-373.52754,0,1,1
368.533333,-0.138602,0.051903,10372.12313,-87.738157,-6.848336,0,591.87268,0,-375.335012,0,1,1
368.6,-0.139018,0.051919,10366.55221,-87.737993,-6.851791,0,590.184032,0,-377.12921,0,1,1
368.666667,-0.139434,0.051936,10360.98215,-87.737828,-6.855237,0,588.493524,0,-378.911525,0,1,1
368.733333,-0.13985,0.051952,10355.41298,-87.737663,-6.858675,0,586.801197,0,-380.682024,0,1,1
368.784412,-0.140168,0.051965,10351.14661,-87.737536,-6.861301,0,585.504409,0,-382.029045,0,1,1
368.866667,-0.140681,0.051985,10344.27732,-87.73733,-6.865523,0,583.412462,0,-384.185972,0,1,1
368.933333,-0.141096,0.052002,10338.71084,-87.737163,-6.868935,0,581.715778,0,-385.920167,0,1,1
369,-0.14151,0.052018,10333.14527,-87.736996,-6.872336,-0.000001,580.018319,-0.000495,-387.641529,0,1,1
369.066667,-0.141925,0.052034,10327.58062,-87.736828,-6.875729,0,578.319241,0,-389.351473,0,1,1
369.133333,-0.142339,0.052051,10322.01691,-87.736659,-6.879115,0,576.618584,0,-391.050067,0,1,1
369.2,-0.142753,0.052067,10316.45412,-87.73649,-6.882491,-0.000001,574.917294,-0.000491,-392.73605,0,1,1
369.266667,-0.143166,0.052083,10310.89228,-87.736319,-6.885859,-0.000001,573.214497,-0.000489,-394.410844,0,1,1
369.333333,-0.14358,0.0521,10305.3314,-87.736148,-6.889219,0,571.51023,0,-396.074521,0,1,1
369.4,-0.143993,0.052116,10299.77147,-87.735976,-6.89257,0,569.805465,0,-397.725802,0,1,1
369.466667,-0.144405,0.052132,10294.2125,-87.735803,-6.895913,0,568.099296,0,-399.366125,0,1,1
369.533333,-0.144818,0.052149,10288.65451,-87.735629,-6.899249,0,566.391758,0,-400.995558,0,1,1
369.6,-0.14523,0.052165,10283.0975,-87.735455,-6.902575,0,564.683849,0,-402.612809,0,1,1
369.666667,-0.145642,0.052181,10277.54147,-87.73528,-6.905894,0,562.974631,0,-404.219329,0,1,1
369.733333,-0.146054,0.052198,10271.98644,-87.735103,-6.909206,0,561.264135,0,-405.815184,0,1,1
369.784411,-0.146369,0.05221,10267.73105,-87.734968,-6.911736,0.000001,559.9539,0.000478,-407.029189,0,1,1
369.866667,-0.146876,0.05223,10260.87938,-87.734748,-6.915806,0,557.840905,0,-408.97312,0,1,1
369.933333,-0.147287,0.052246,10255.32737,-87.734569,-6.919094,0,556.12775,0,-410.536039,0,1,1
370,-0.147698,0.052263,10249.77638,-87.73439,-6.922374,0,554.414458,0,-412.087196,0,1,1
370.066667,-0.148108,0.052279,10244.22642,-87.734209,-6.925647,0,552.700023,0,-413.628066,0,1,1
370.133333,-0.148518,0.052295,10238.67749,-87.734028,-6.928913,0,550.98447,0,-415.158713,0,1,1
370.2,-0.148928,0.052311,10233.1296,-87.733846,-6.932171,0,549.268885,0,-416.677802,0,1,1
370.266667,-0.149337,0.052327,10227.58276,-87.733662,-6.935421,0,547.552229,0,-418.186822,0,1,1
370.333333,-0.149746,0.052344,10222.03697,-87.733478,-6.938666,0,545.834523,0,-419.685836,0,1,1
370.4,-0.150155,0.05236,10216.49224,-87.733294,-6.941901,0.000001,544.116885,0.000465,-421.173493,0,1,1
370.466667,-0.150564,0.052376,10210.94858,-87.733108,-6.945131,-0.000001,542.398238,-0.000655,-422.651296,0,1,1
370.533333,-0.150972,0.052392,10205.40599,-87.732922,-6.948354,0.000001,540.678604,0.000462,-424.119307,0,1,1
370.6,-0.151381,0.052408,10199.86447,-87.732736,-6.951569,0,538.95913,0,-425.576159,0,1,1
370.666667,-0.151788,0.052425,10194.32404,-87.732549,-6.954777,0,537.238703,0,-427.023368,0,1,1
370.733333,-0.152196,0.052441,10188.7847,-87.73236,-6.95798,0,535.517343,0,-428.460997,0,1,1
370.784411,-0.152508,0.052453,10184.5414,-87.732216,-6.960427,0.000001,534.199104,0.000456,-429.554532,0,1,1
370.866667,-0.15301,0.052473,10177.7093,-87.731982,-6.964364,0,532.073667,0,-431.305536,0,1,1
370.933333,-0.153417,0.052489,10172.17326,-87.731792,-6.967547,0,530.35077,0,-432.713379,0,1,1
371,-0.153824,0.052505,10166.63833,-87.731601,-6.970721,0,528.628203,0,-434.110448,0,1,1
371.066667,-0.15423,0.052521,10161.10452,-87.731409,-6.97389,-0.000001,526.904772,-0.000636,-435.49829,0,1,1
371.133333,-0.154636,0.052537,10155.57183,-87.731217,-6.977054,-0.000001,525.180494,-0.000634,-436.876964,0,1,1
371.2,-0.155042,0.052553,10150.04027,-87.731024,-6.980209,0,523.45662,0,-438.245051,0,1,1
371.266667,-0.155447,0.052569,10144.50985,-87.73083,-6.98336,0.000001,521.731917,0.000445,-439.604115,0,1,1
371.333333,-0.155852,0.052585,10138.98056,-87.730635,-6.986505,0,520.0064,0,-440.954213,0,1,1
371.4,-0.156257,0.052602,10133.45241,-87.730439,-6.989642,0,518.281356,0,-442.293906,0,1,1
371.466667,-0.156662,0.052618,10127.92542,-87.730243,-6.992774,0,516.555512,0,-443.624777,0,1,1
371.533333,-0.157066,0.052634,10122.39958,-87.730044,-6.995901,-0.000001,514.828879,-0.00044,-444.946881,0,1,1
371.6,-0.15747,0.05265,10116.87489,-87.729845,-6.99902,-0.000001,513.102783,-0.000438,-446.25876,0,1,1
371.666667,-0.157874,0.052666,10111.35137,-87.729645,-7.002135,-0.000001,511.375909,-0.000437,-447.562013,0,1,1
371.733333,-0.158278,0.052682,10105.82902,-87.729443,-7.005245,0,509.648367,0,-448.85658,0,1,1
371.78441,-0.158587,0.052694,10101.59888,-87.729288,-7.007621,0.000001,508.325636,0.000434,-449.841179,0,1,1
371.866667,-0.159084,0.052714,10094.78785,-87.729037,-7.011446,-0.000001,506.193005,-0.000749,-451.417958,0,1,1
371.933333,-0.159487,0.05273,10089.26903,-87.728832,-7.014539,-0.000001,504.464444,-0.000431,-452.685772,0,1,1
372,-0.159889,0.052746,10083.7514,-87.728626,-7.017625,0.000001,502.736534,0.000429,-453.94371,0,1,1
372.066667,-0.160292,0.052761,10078.23496,-87.728418,-7.020707,0,501.007868,0,-455.193407,0,1,1
372.133333,-0.160694,0.052777,10072.71971,-87.728209,-7.023785,0,499.278452,0,-456.434917,0,1,1
372.2,-0.161095,0.052793,10067.20567,-87.728,-7.026855,0,497.549736,0,-457.666719,0,1,1
372.266667,-0.161497,0.052809,10061.69283,-87.727789,-7.029921,-0.000001,495.820267,-0.000423,-458.890469,0,1,1
372.333333,-0.161898,0.052825,10056.1812,-87.727576,-7.032983,0.000001,494.090047,0.000422,-460.106218,0,1,1
372.4,-0.162299,0.052841,10050.67078,-87.727363,-7.036039,0,492.360569,0,-461.31242,0,1,1
372.466667,-0.1627,0.052857,10045.16157,-87.727148,-7.03909,0,490.630326,0,-462.510749,0,1,1
372.533333,-0.1631,0.052873,10039.65359,-87.726931,-7.042138,-0.000001,488.899318,-0.000417,-463.701255,0,1,1
372.6,-0.1635,0.052889,10034.14683,-87.726714,-7.045179,0,487.169089,0,-464.882371,0,1,1
372.666667,-0.1639,0.052905,10028.6413,-87.726495,-7.048216,0,485.438082,0,-466.055797,0,1,1
372.733333,-0.1643,0.052921,10023.13701,-87.726274,-7.05125,0,483.706298,0,-467.221582,0,1,1
372.784411,-0.164606,0.052933,10018.92065,-87.726105,-7.053569,-0.000001,482.380413,-0.000582,-468.108146,0,1,1
372.866667,-0.165098,0.052952,10012.13212,-87.72583,-7.057302,0,480.242944,0,-469.527784,0,1,1
372.933333,-0.165497,0.052968,10006.63154,-87.725605,-7.060323,-0.000001,478.510394,-0.000409,-470.669349,0,1,1
373,-0.165895,0.052984,10001.13221,-87.725379,-7.063337,0.000001,476.778689,0.000576,-471.801834,0,1,1
373.066667,-0.166294,0.053,9995.634128,-87.725152,-7.066348,0,475.046166,0,-472.926988,0,1,1
373.133333,-0.166692,0.053016,9990.1373,-87.724923,-7.069356,0.000001,473.31282,0.000404,-474.044855,0,1,1
373.2,-0.16709,0.053031,9984.641728,-87.724693,-7.072358,0,471.580348,0,-475.153793,0,1,1
373.266667,-0.167487,0.053047,9979.147417,-87.724462,-7.075357,0,469.847026,0,-476.255573,0,1,1
373.333333,-0.167884,0.053063,9973.654369,-87.724228,-7.078353,0,468.11285,0,-477.35024,0,1,1
373.4,-0.168281,0.053079,9968.162588,-87.723994,-7.081344,0,466.379572,0,-478.436124,0,1,1
373.466667,-0.168678,0.053094,9962.672077,-87.723758,-7.084331,0,464.645408,0,-479.515022,0,1,1
373.533333,-0.169075,0.05311,9957.182838,-87.72352,-7.087316,0,462.910352,0,-480.586976,0,1,1
373.6,-0.169471,0.053126,9951.694875,-87.723281,-7.090296,0,461.176214,0,-481.650289,0,1,1
373.666667,-0.169867,0.053142,9946.208191,-87.72304,-7.093273,0,459.441148,0,-482.706784,0,1,1
373.733333,-0.170262,0.053157,9940.722787,-87.722797,-7.096248,0,457.705145,0,-483.756504,0,1,1
373.78441,-0.170565,0.05317,9936.521022,-87.72261,-7.098522,0,456.376112,0,-484.554678,0,1,1
373.866667,-0.171053,0.053189,9929.755834,-87.722307,-7.102185,0,454.233364,0,-485.832884,0,1,1
373.933333,-0.171448,0.053205,9924.274289,-87.72206,-7.10515,-0.000001,452.496346,-0.000386,-486.86082,0,1,1
374,-0.171843,0.05322,9918.794036,-87.721811,-7.10811,0,450.760278,0,-487.880385,0,1,1
374.066667,-0.172237,0.053236,9913.315077,-87.72156,-7.111067,-0.000001,449.023177,-0.000383,-488.893462,0,1,1
374.133333,-0.172631,0.053252,9907.837415,-87.721308,-7.114024,0,447.285031,0,-489.90009,0,1,1
374.2,-0.173025,0.053267,9902.361051,-87.721055,-7.116974,-0.000001,445.547846,-0.00038,-490.898477,0,1,1
374.266667,-0.173419,0.053283,9896.885988,-87.7208,-7.119923,-0.000001,443.809565,-0.000379,-491.890537,0,1,1
374.333333,-0.173812,0.053299,9891.412228,-87.720543,-7.122871,0,442.070176,0,-492.876308,0,1,1
374.4,-0.174205,0.053314,9885.939774,-87.720286,-7.125814,0,440.331755,0,-493.853961,0,1,1
374.466667,-0.174598,0.05333,9880.468627,-87.720027,-7.128755,0,438.592171,0,-494.825446,0,1,1
374.533333,-0.17499,0.053346,9874.998789,-87.719766,-7.131696,0,436.851407,0,-495.7908,0,1,1
374.6,-0.175383,0.053361,9869.530262,-87.719504,-7.134631,0,435.111618,0,-496.748156,0,1,1
374.666667,-0.175775,0.053377,9864.063049,-87.719241,-7.137565,0,433.370589,0,-497.6995,0,1,1
374.733333,-0.176167,0.053392,9858.597149,-87.718975,-7.140499,0.000001,431.628303,0.000369,-498.644866,0,1,1
374.784411,-0.176467,0.053404,9854.410267,-87.718771,-7.142742,-0.000001,430.294432,-0.00052,-499.363579,0,1,1
374.866667,-0.17695,0.053424,9847.6693,-87.71844,-7.146357,0,428.143627,0,-500.514588,0,1,1
374.933333,-0.177341,0.053439,9842.207354,-87.718169,-7.149285,-0.000001,426.399674,-0.000364,-501.44037,0,1,1
375,-0.177731,0.053455,9836.746728,-87.717898,-7.152207,0,424.656698,0,-502.358384,0,1,1
375.066667,-0.178122,0.05347,9831.287425,-87.717625,-7.15513,0,422.91231,0,-503.270691,0,1,1
375.133333,-0.178512,0.053486,9825.829445,-87.717349,-7.158052,0,421.166488,0,-504.177323,0,1,1
375.2,-0.178902,0.053501,9820.37279,-87.717072,-7.16097,0,419.421642,0,-505.076294,0,1,1
375.266667,-0.179292,0.053517,9814.917461,-87.716794,-7.163887,0,417.675287,0,-505.969707,0,1,1
375.333333,-0.179681,0.053533,9809.463459,-87.716512,-7.166805,0,415.927398,0,-506.857593,0,1,1
375.4,-0.180071,0.053548,9804.010785,-87.71623,-7.169718,0,414.180482,0,-507.73792,0,1,1
375.466667,-0.18046,0.053564,9798.559441,-87.715946,-7.172632,0,412.431949,0,-508.612837,0,1,1
375.533333,-0.180848,0.053579,9793.109427,-87.715659,-7.175546,0,410.681777,0,-509.482372,0,1,1
375.6,-0.181237,0.053595,9787.660743,-87.715371,-7.178456,0,408.932571,0,-510.344448,0,1,1
375.666667,-0.181625,0.05361,9782.213391,-87.715081,-7.181367,-0.000001,407.181635,-0.000348,-511.201258,0,1,1
375.733333,-0.182013,0.053626,9776.767371,-87.714787,-7.184278,0,405.428943,0,-512.052831,0,1,1
375.784412,-0.18231,0.053637,9772.595649,-87.714561,-7.186505,0,404.087032,0,-512.700089,0,1,1
375.866667,-0.182788,0.053656,9765.879329,-87.714194,-7.190095,0,401.922791,0,-513.736753,0,1,1
375.933333,-0.183176,0.053672,9760.437307,-87.713892,-7.193004,0,400.167349,0,-514.570721,0,1,1
376,-0.183563,0.053687,9754.99662,-87.71359,-7.195909,0,398.412855,0,-515.397411,0,1,1
376.066667,-0.183949,0.053703,9749.557268,-87.713284,-7.198816,0,396.656377,0,-516.219123,0,1,1
376.133333,-0.184336,0.053718,9744.11925,-87.712974,-7.201724,-0.000001,394.89788,-0.000477,-517.035876,0,1,1
376.2,-0.184722,0.053734,9738.682566,-87.712663,-7.204628,0,393.140314,0,-517.845428,0,1,1
376.266667,-0.185108,0.053749,9733.247219,-87.712348,-7.207534,0.000001,391.380615,0.000334,-518.650135,0,1,1
376.333333,-0.185494,0.053765,9727.813205,-87.71203,-7.210442,0,389.618751,0,-519.450022,0,1,1
376.4,-0.185879,0.05378,9722.380527,-87.71171,-7.213346,0,387.857804,0,-520.242788,0,1,1
376.466667,-0.186264,0.053795,9716.949185,-87.711387,-7.216252,-0.000001,386.09457,-0.00033,-521.03085,0,1,1
376.533333,-0.186649,0.053811,9711.519176,-87.711059,-7.219161,-0.000001,384.329015,-0.000464,-521.814231,0,1,1
376.6,-0.187034,0.053826,9706.090502,-87.710731,-7.222065,0,382.564362,0,-522.590567,0,1,1
376.666667,-0.187419,0.053841,9700.663163,-87.710398,-7.224973,0,380.797258,0,-523.362339,0,1,1
376.733333,-0.187803,0.053857,9695.237157,-87.710061,-7.227882,0,379.028016,0,-524.129313,0,1,1
376.784412,-0.188097,0.053869,9691.08077,-87.709801,-7.230108,0,377.673344,0,-524.712063,0,1,1
376.866667,-0.18857,0.053888,9684.389145,-87.709379,-7.2337,0,375.487242,0,-525.6459,0,1,1
376.933333,-0.188954,0.053903,9678.967137,-87.709032,-7.236612,0,373.713245,0,-526.397315,0,1,1
377,-0.189337,0.053918,9673.546459,-87.708683,-7.239521,0,371.940119,0,-527.141819,0,1,1
377.066667,-0.18972,0.053934,9668.127113,-87.70833,-7.242434,0,370.164172,0,-527.882038,0,1,1
377.133333,-0.190103,0.053949,9662.709096,-87.707972,-7.24535,0,368.385359,0,-528.617991,0,1,1
377.2,-0.190485,0.053964,9657.292407,-87.707613,-7.248263,0,366.607399,0,-529.347091,0,1,1
377.266667,-0.190867,0.053979,9651.877046,-87.707249,-7.25118,0,364.826411,0,-530.072045,0,1,1
377.333333,-0.191249,0.053995,9646.46301,-87.70688,-7.2541,0,363.042349,0,-530.792872,0,1,1
377.4,-0.191631,0.05401,9641.0503,-87.70651,-7.257018,0,361.259121,0,-531.506898,0,1,1
377.466667,-0.192013,0.054025,9635.638913,-87.706134,-7.25994,0,359.472642,0,-532.216919,0,1,1
377.533333,-0.192394,0.054041,9630.228848,-87.705753,-7.262867,0,357.682863,0,-532.922952,0,1,1
377.6,-0.192775,0.054056,9624.820103,-87.70537,-7.26579,0.000001,355.8939,0.000526,-533.622229,0,1,1
377.666667,-0.193155,0.054071,9619.412678,-87.704982,-7.268718,0,354.101445,0,-534.317643,0,1,1
377.733333,-0.193536,0.054086,9614.006569,-87.704588,-7.271652,0,352.305444,0,-535.009208,0,1,1
377.784411,-0.193827,0.054098,9609.865495,-87.704285,-7.273897,0,350.930214,0,-535.534378,0,1,1
377.866667,-0.194296,0.054117,9603.198293,-87.703791,-7.27752,-0.000001,348.710106,-0.000298,-536.375936,0,1,1
377.933333,-0.194676,0.054132,9597.796122,-87.703383,-7.280462,0,346.907385,0,-537.053324,0,1,1
378,-0.195055,0.054147,9592.39526,-87.702974,-7.2834,-0.000001,345.105445,-0.000295,-537.72403,0,1,1
378.066667,-0.195435,0.054162,9586.995706,-87.702559,-7.286345,0,343.299465,0,-538.391164,0,1,1
378.133333,-0.195814,0.054178,9581.597455,-87.702137,-7.289296,0,341.489383,0,-539.054735,0,1,1
378.2,-0.196192,0.054193,9576.200506,-87.701714,-7.292244,0.000001,339.680065,0.00041,-539.711651,0,1,1
378.266667,-0.196571,0.054208,9570.804857,-87.701283,-7.295198,0,337.866397,0,-540.365142,0,1,1
378.333333,-0.196949,0.054223,9565.410504,-87.700846,-7.29816,0,336.04831,0,-541.01522,0,1,1
378.4,-0.197327,0.054238,9560.017444,-87.700407,-7.301119,0.000001,334.230973,0.000285,-541.65866,0,1,1
378.466667,-0.197705,0.054254,9554.625677,-87.69996,-7.304085,0,332.408945,0,-542.298829,0,1,1
378.533333,-0.198082,0.054269,9549.235196,-87.699506,-7.307059,-0.000001,330.582152,-0.000282,-542.935736,0,1,1
378.6,-0.19846,0.054284,9543.845999,-87.69905,-7.31003,0,328.756094,0,-543.566016,0,1,1
378.666667,-0.198837,0.054299,9538.458085,-87.698586,-7.31301,0,326.924972,0,-544.193184,0,1,1
378.733333,-0.199214,0.054314,9533.071448,-87.698114,-7.315997,0,325.088703,0,-544.817248,0,1,1
378.784411,-0.199502,0.054326,9528.945265,-87.697751,-7.318284,0,323.682548,0,-545.290788,0,1,1
378.866667,-0.199966,0.054345,9522.301991,-87.697156,-7.321979,0,321.410614,0,-546.050053,0,1,1
378.933333,-0.200342,0.05436,9516.919163,-87.696664,-7.324982,0,319.564096,0,-546.661557,0,1,1
379,-0.200718,0.054375,9511.537598,-87.696171,-7.327983,-0.000001,317.718292,-0.000271,-547.266428,0,1,1
379.066667,-0.201094,0.05439,9506.157294,-87.695668,-7.330993,0,315.86655,0,-547.868529,0,1,1
379.133333,-0.201469,0.054405,9500.777959,-87.695162,-7.334786,-0.000001,313.584951,-0.000268,-548.710412,0,1,1
379.2,-0.201844,0.05442,9495.399318,-87.694654,-7.338559,0,311.312681,0,-549.536944,0,1,1
379.266667,-0.202219,0.054435,9490.020546,-87.694188,-7.344607,0,307.786168,0,-551.056304,0,1,1
379.333333,-0.202594,0.05445,9484.639547,-87.69388,-7.354139,0,302.325924,0,-553.610588,0,1,1
379.4,-0.202968,0.054465,9479.255111,-87.693564,-7.363513,0,296.932732,0,-556.064468,0,1,1
379.466667,-0.203342,0.05448,9473.865628,-87.69363,-7.377487,-0.000001,288.949376,-0.000349,-559.801383,0,1,1
379.533333,-0.203716,0.054495,9468.467491,-87.694432,-7.396794,0.000001,277.910664,0.000237,-564.915189,0,1,1
379.6,-0.204089,0.05451,9463.058921,-87.695198,-7.415692,0,267.015334,0,-569.702925,0,1,1
379.666667,-0.204463,0.054525,9457.637895,-87.697211,-7.44061,0.000001,252.577681,0.000216,-575.812358,0,1,1
379.733333,-0.204836,0.05454,9452.199986,-87.701038,-7.471747,0,234.380414,0,-583.0262,0,1,1
379.78441,-0.205121,0.054552,9448.020964,-87.703878,-7.495035,0,220.633217,0,-588.040086,0,1,1
379.866667,-0.205581,0.05457,9441.264327,-87.711517,-7.540573,0,193.48432,0,-597.007646,0,1,1
379.933333,-0.205953,0.054585,9435.760205,-87.720648,-7.583293,0,167.705284,0,-604.344103,0,1,1
380,-0.206325,0.0546,9430.229062,-87.729509,-7.624918,-0.000001,142.321752,-0.000122,-610.413908,0,1,1
380.066667,-0.206697,0.054615,9424.669202,-87.741833,-7.672424,-0.000001,113.102185,-0.000097,-616.095536,0,1,1
380.133333,-0.207069,0.054629,9419.076548,-87.758889,-7.725442,0,80.243945,0,-620.832688,0,1,1
380.2,-0.20744,0.054644,9413.449678,-87.77543,-7.777007,0,48.107986,0,-623.751418,0,1,1
380.266667,-0.207811,0.054658,9407.787498,-87.799056,-7.833192,-0.000001,12.996705,-0.000011,-625.076208,0,1,1
380.333333,-0.208181,0.054672,9402.087469,-87.831025,-7.891935,-0.000001,-23.708136,0.00002,-624.369197,0,1,1
380.4,-0.208552,0.054686,9396.34934,-87.861991,-7.948967,0.000001,-59.222096,-0.000072,-621.613259,0,1,1
380.466667,-0.208922,0.0547,9390.573699,-87.901759,-8.006217,0,-94.634019,0,-616.819754,0,1,1
380.533333,-0.209292,0.054713,9384.761264,-87.949041,-8.061406,0,-128.434032,0,-610.278061,0,1,1
380.6,-0.209661,0.054726,9378.913434,-87.994758,-8.1149,0,-160.780385,0,-602.161324,0,1,1
380.666667,-0.210031,0.054739,9373.032116,-88.045962,-8.164911,0,-190.562287,0,-593.00011,0,1,1
380.733333,-0.2104,0.054751,9367.119849,-88.099715,-8.211461,0,-217.813706,0,-583.125761,0,1,1
380.78441,-0.210682,0.054761,9362.570416,-88.139445,-8.245974,0,-237.692023,0,-574.987568,0,1,1
380.866667,-0.211137,0.054775,9355.209332,-88.204108,-8.299666,0,-268.000526,0,-560.971371,0,1,1
380.933333,-0.211505,0.054787,9349.212594,-88.254614,-8.343647,0,-292.22367,0,-548.304586,0,1,1
381,-0.211873,0.054798,9343.188671,-88.303216,-8.386124,0,-315.047849,0,-535.068479,0,1,1
381.05,-0.212149,0.054806,9338.652434,-88.338472,-8.421069,0,-333.394169,0,-523.491633,0,1,1
381.1,-0.212424,0.054814,9334.099837,-88.372692,-8.455077,0,-350.838239,0,-511.615307,0,1,1
381.15,-0.2127,0.054821,9329.527843,-88.40841,-8.50142,0,-373.989276,0,-494.58367,0,1,1
381.2,-0.212975,0.054829,9324.933527,-88.443036,-8.546436,0,-395.683874,0,-477.031978,0,1,1
381.25,-0.21325,0.054836,9320.314925,-88.479242,-8.600202,0,-420.553393,0,-454.867908,0,1,1
381.3,-0.213526,0.054844,9315.670157,-88.514297,-8.652351,-0.000001,-443.486846,0.000379,-432.12869,0,1,1
381.35,-0.2138,0.054851,9310.996897,-88.552667,-8.714925,0,-469.424539,0,-403.3636,0,1,1
381.4,-0.214075,0.054858,9306.292923,-88.589766,-8.775519,0,-492.762185,0,-374.024189,0,1,1
381.45,-0.21435,0.054864,9301.555652,-88.631877,-8.847905,-0.000001,-518.282849,0.000442,-337.250598,0,1,1
381.5,-0.214624,0.054871,9296.782623,-88.672531,-8.917879,0,-540.344946,0,-300.05058,0,1,1
381.55,-0.214898,0.054877,9291.971068,-88.719786,-9.000816,0.000001,-563.083782,-0.000481,-254.138037,0,1,1
381.6,-0.215172,0.054883,9287.118359,-88.765329,-9.08084,0,-581.329029,0,-208.217145,0,1,1
381.65,-0.215446,0.054889,9282.221593,-88.818931,-9.174889,0,-598.035853,0,-152.633085,0,1,1
381.7,-0.21572,0.054894,9277.278026,-88.870495,-9.265449,0,-609.107382,0,-97.878191,0,1,1
381.75,-0.215993,0.054899,9272.284652,-88.931453,-9.371048,0,-615.743439,0,-33.115621,0,1,1
381.8,-0.216266,0.054904,9267.238649,-88.989973,-9.472504,0,-615.645608,0,29.404359,0,1,1
381.85,-0.216539,0.054909,9262.136934,-89.059118,-9.590005,0,-607.667435,0,101.326846,0,1,1
381.9,-0.216812,0.054913,9256.976631,-89.125343,-9.702617,-0.000001,-592.155778,0.000506,168.89221,0,1,1
381.95,-0.217085,0.054917,9251.754604,-89.203347,-9.832293,0,-565.07545,0,243.931845,0,1,1
382,-0.217357,0.054921,9246.467951,-89.277859,-9.95623,0,-530.337105,0,311.768912,0,1,1
382.05,-0.217629,0.054924,9241.113498,-89.365254,-10.098299,0,-480.619183,0,383.53478,0,1,1
382.1,-0.217901,0.054927,9235.688338,-89.448488,-10.233657,-0.000001,-424.26572,0.000362,444.673023,0,1,1
382.15,-0.218173,0.054929,9230.189144,-89.546449,-10.388786,0,-350.294551,0,504.639329,0,1,1
382.2,-0.218444,0.054931,9224.6129,-89.639424,-10.536062,0,-272.319367,0,550.315877,0,1,1
382.25,-0.218715,0.054933,9218.956048,-89.749867,-10.705244,0,-175.683748,0,588.018329,0,1,1
382.3,-0.218986,0.054934,9213.215399,-89.85427,-10.8652,0,-79.745942,0,608.197529,0,1,1
382.35,-0.219256,0.054934,9207.387241,-89.979059,-11.049144,0,32.82715,0,612.210897,0,1,1
382.4,-0.219526,0.054934,9201.468304,-90.096471,-11.22222,0,137.699235,0,597.114337,0,1,1
382.45,-0.219796,0.054933,9195.454794,-90.237425,-11.421375,0,252.978226,0,557.77571,0,1,1
382.5,-0.220066,0.054932,9189.343446,-90.369306,-11.607698,0,351.747098,0,501.003429,0,1,1
382.55,-0.220335,0.05493,9183.130465,-90.528173,-11.82223,0,450.096723,0,414.409326,0,1,1
382.6,-0.220604,0.054927,9176.812686,-90.675815,-12.021568,-0.000001,522.972318,-0.000446,316.908941,0,1,1
382.65,-0.220873,0.054923,9170.386388,-90.854272,-12.251378,0,581.082698,0,189.341033,0,1,1
382.7,-0.221141,0.054919,9163.848604,-91.018749,-12.463128,0,607.571113,0,62.950825,0,1,1
382.75,-0.221408,0.054914,9157.195728,-91.218454,-12.707976,-0.000001,604.350818,-0.000516,-86.15599,0,1,1
382.8,-0.221676,0.054907,9150.425076,-91.4006,-12.931224,0,569.961608,0,-217.699395,0,1,1
382.85,-0.221943,0.0549,9143.533174,-91.623242,-13.190807,0.000001,494.679185,0.000597,-356.479602,0,1,1
382.9,-0.222209,0.054892,9136.51771,-91.823575,-13.424301,0,398.545344,0,-460.999895,0,1,1
382.95,-0.222475,0.054883,9129.375334,-92.070983,-13.698373,0,258.728772,0,-551.298467,0,1,1
383,-0.22274,0.054873,9122.104206,-92.289572,-13.940455,0,118.954271,0,-596.893841,0,1,1
383.05,-0.223005,0.054862,9114.701036,-92.563939,-14.22905,0,-55.805497,0,-605.640603,0,1,1
383.1,-0.22327,0.05485,9107.164596,-92.800148,-14.477491,0,-202.891153,0,-572.975336,0,1,1
383.15,-0.223534,0.054836,9099.491411,-93.105678,-14.781684,0,-364.922033,0,-485.534084,0,1,1
383.2,-0.223797,0.054821,9091.681054,-93.358501,-15.033493,0,-474.09287,0,-379.064002,0,1,1
383.25,-0.224059,0.054805,9083.729441,-93.70356,-15.356194,0,-569.364675,0,-208.976893,0,1,1
383.3,-0.224321,0.054787,9075.637539,-93.97029,-15.605988,0,-602.975679,0,-61.702795,0,1,1
383.35,-0.224583,0.054768,9067.399535,-94.371217,-15.954976,0,-587.172827,0,148.062764,0,1,1
383.4,-0.224843,0.054748,9059.019753,-94.639292,-16.189324,0,-536.41722,0,280.193181,0,1,1
383.45,-0.225103,0.054726,9050.485416,-95.14422,-16.595154,0,-381.761126,0,468.62441,0,1,1
383.5,-0.225362,0.054702,9041.814935,-95.341037,-16.756788,0.000001,-301.227961,-0.000364,523.708338,0,1,1
383.55,-0.22562,0.054676,9032.938171,-96.304928,-17.481836,-0.000001,121.424352,-0.000104,589.680834,0,1,1
383.6,-0.225876,0.05465,9024.164832,-95.232193,-16.500463,0.000001,-420.403714,-0.000359,426.417423,0,1,1
